"id","trackingNo","createdAt","updatedAt","fromAddress.address1","fromAddress.address2","fromAddress.city","fromAddress.state","fromAddress.zip","toAddress.address1","toAddress.address2","toAddress.city","toAddress.state","toAddress.zip","transaction.transactionId","transaction.amount","transaction.currency","transaction.status"
1,"MK2808871137","2024-08-06T20:53:30.000Z","2024-08-09T00:13:59.000Z","150 Clinton St, New York, NY 10002",,"New York","New York","10002","150 Clinton St, New York, NY 10002",,"New York","New York","10002",,,,
2,"MK2032084347","2024-08-06T20:53:30.000Z","2024-08-09T00:14:22.000Z","87-89 Attorney St, New York, NY 10002",,"New York","New York","10002","87-89 Attorney St, New York, NY 10002",,"New York","New York","10002",,,,
3,"MK1389652865","2024-08-06T20:53:30.000Z","2024-08-06T20:53:30.000Z","89 Clinton St, New York, NY 10002",,"New York","New York","10002","89 Clinton St, New York, NY 10002",,"New York","New York","10002",,,,
4,"MK9520774950","2024-08-06T20:53:30.000Z","2024-08-06T20:53:30.000Z","110 Avenue D, New York, NY 10002",,"New York","New York","10002","110 Avenue D, New York, NY 10002",,"New York","New York","10002",,,,
5,"MK9958179214","2024-08-06T20:53:30.000Z","2024-08-06T20:53:30.000Z","120 Delancey St, New York, NY 10002",,"New York","New York","10002","120 Delancey St, New York, NY 10002",,"New York","New York","10002",,,,
6,"MK3263620579","2024-08-06T20:53:30.000Z","2024-08-06T20:53:30.000Z","50 Rivington St, New York, NY 10002",,"New York","New York","10002","50 Rivington St, New York, NY 10002",,"New York","New York","10002",,,,
7,"MK2008085986","2024-08-06T20:53:30.000Z","2024-08-06T20:53:30.000Z","130 Suffolk St, New York, NY 10002",,"New York","New York","10002","130 Suffolk St, New York, NY 10002",,"New York","New York","10002",,,,
8,"MK239557506","2024-08-06T20:53:30.000Z","2024-08-06T20:53:30.000Z","45 Essex St, New York, NY 10002",,"New York","New York","10002","45 Essex St, New York, NY 10002",,"New York","New York","10002",,,,
9,"MK2865225654","2024-08-06T20:53:30.000Z","2024-08-06T20:53:30.000Z","100 Stanton St, New York, NY 10002",,"New York","New York","10002","100 Stanton St, New York, NY 10002",,"New York","New York","10002",,,,
10,"MK941635777","2024-08-06T20:53:30.000Z","2024-08-06T20:53:30.000Z","60 Orchard St, New York, NY 10002",,"New York","New York","10002","60 Orchard St, New York, NY 10002",,"New York","New York","10002",,,,
11,"MK9688559366","2024-08-06T20:53:30.000Z","2024-08-06T20:53:30.000Z","85 Ludlow St, New York, NY 10002",,"New York","New York","10002","85 Ludlow St, New York, NY 10002",,"New York","New York","10002",,,,
12,"MK7819251009","2024-08-06T20:53:30.000Z","2024-08-06T20:53:30.000Z","55 Pitt St, New York, NY 10002",,"New York","New York","10002","55 Pitt St, New York, NY 10002",,"New York","New York","10002",,,,
13,"MK9117959557","2024-08-06T20:53:30.000Z","2024-08-06T20:53:30.000Z","140 Norfolk St, New York, NY 10002",,"New York","New York","10002","140 Norfolk St, New York, NY 10002",,"New York","New York","10002",,,,
14,"MK1288707264","2024-08-06T20:53:30.000Z","2024-08-06T20:53:30.000Z","110 Broome St, New York, NY 10002",,"New York","New York","10002","110 Broome St, New York, NY 10002",,"New York","New York","10002",,,,
15,"MK847168993","2024-08-06T20:53:30.000Z","2024-08-06T20:53:30.000Z","95 E 1st St, New York, NY 10002",,"New York","New York","10002","95 E 1st St, New York, NY 10002",,"New York","New York","10002",,,,
16,"MK4148251262","2024-08-06T20:53:30.000Z","2024-08-06T20:53:30.000Z","160 E 2nd St, New York, NY 10002",,"New York","New York","10002","160 E 2nd St, New York, NY 10002",,"New York","New York","10002",,,,
17,"MK5905035625","2024-08-06T20:53:30.000Z","2024-08-06T20:53:30.000Z","70 Chrystie St, New York, NY 10002",,"New York","New York","10002","70 Chrystie St, New York, NY 10002",,"New York","New York","10002",,,,
18,"MK4414994176","2024-08-06T20:53:30.000Z","2024-08-06T20:53:30.000Z","80 Forsyth St, New York, NY 10002",,"New York","New York","10002","80 Forsyth St, New York, NY 10002",,"New York","New York","10002",,,,
19,"MK1867865072","2024-08-06T20:53:30.000Z","2024-08-06T20:53:30.000Z","90 Allen St, New York, NY 10002",,"New York","New York","10002","90 Allen St, New York, NY 10002",,"New York","New York","10002",,,,
20,"MK2643336194","2024-08-06T20:53:30.000Z","2024-08-06T20:53:30.000Z","125 Attorney St, New York, NY 10002",,"New York","New York","10002","125 Attorney St, New York, NY 10002",,"New York","New York","10002",,,,
21,"MK825787155","2024-08-06T20:53:30.000Z","2024-08-06T20:53:30.000Z","110 Clinton St, New York, NY 10002",,"New York","New York","10002","110 Clinton St, New York, NY 10002",,"New York","New York","10002",,,,
22,"MK9048639168","2024-08-06T20:53:30.000Z","2024-08-06T20:53:30.000Z","75 Grand St, New York, NY 10002",,"New York","New York","10002","75 Grand St, New York, NY 10002",,"New York","New York","10002",,,,
23,"MK5785354853","2024-08-06T20:53:30.000Z","2024-08-06T20:53:30.000Z","95 E Houston St, New York, NY 10002",,"New York","New York","10002","95 E Houston St, New York, NY 10002",,"New York","New York","10002",,,,
24,"MK8762524816","2024-08-06T20:53:30.000Z","2024-08-06T20:53:30.000Z","85 Avenue D, New York, NY 10002",,"New York","New York","10002","85 Avenue D, New York, NY 10002",,"New York","New York","10002",,,,
25,"MK6466715120","2024-08-06T20:53:30.000Z","2024-08-06T20:53:30.000Z","55 Delancey St, New York, NY 10002",,"New York","New York","10002","55 Delancey St, New York, NY 10002",,"New York","New York","10002",,,,
26,"MK5476153837","2024-08-06T20:53:30.000Z","2024-08-06T20:53:30.000Z","135 Rivington St, New York, NY 10002",,"New York","New York","10002","135 Rivington St, New York, NY 10002",,"New York","New York","10002",,,,
27,"MK4464384745","2024-08-06T20:53:30.000Z","2024-08-06T20:53:30.000Z","105 Suffolk St, New York, NY 10002",,"New York","New York","10002","105 Suffolk St, New York, NY 10002",,"New York","New York","10002",,,,
28,"MK202008464","2024-08-06T20:53:30.000Z","2024-08-06T20:53:30.000Z","145 Essex St, New York, NY 10002",,"New York","New York","10002","145 Essex St, New York, NY 10002",,"New York","New York","10002",,,,
29,"MK9572349202","2024-08-06T20:53:30.000Z","2024-08-06T20:53:30.000Z","65 Stanton St, New York, NY 10002",,"New York","New York","10002","65 Stanton St, New York, NY 10002",,"New York","New York","10002",,,,
30,"MK5269129829","2024-08-06T20:53:30.000Z","2024-08-06T20:53:30.000Z","85 Orchard St, New York, NY 10002",,"New York","New York","10002","85 Orchard St, New York, NY 10002",,"New York","New York","10002",,,,
31,"MK2154444776","2024-08-06T20:53:30.000Z","2024-08-06T20:53:30.000Z","70 Ludlow St, New York, NY 10002",,"New York","New York","10002","70 Ludlow St, New York, NY 10002",,"New York","New York","10002",,,,
32,"MK1614907498","2024-08-06T20:53:30.000Z","2024-08-06T20:53:30.000Z","95 Pitt St, New York, NY 10002",,"New York","New York","10002","95 Pitt St, New York, NY 10002",,"New York","New York","10002",,,,
33,"MK8130858905","2024-08-06T20:53:30.000Z","2024-08-06T20:53:30.000Z","115 Norfolk St, New York, NY 10002",,"New York","New York","10002","115 Norfolk St, New York, NY 10002",,"New York","New York","10002",,,,
34,"MK7530802757","2024-08-06T20:53:30.000Z","2024-08-06T20:53:30.000Z","80 Broome St, New York, NY 10002",,"New York","New York","10002","80 Broome St, New York, NY 10002",,"New York","New York","10002",,,,
35,"MK5274401418","2024-08-06T20:53:30.000Z","2024-08-06T20:53:30.000Z","125 E 1st St, New York, NY 10002",,"New York","New York","10002","125 E 1st St, New York, NY 10002",,"New York","New York","10002",,,,
36,"MK1409807670","2024-08-06T20:53:30.000Z","2024-08-06T20:53:30.000Z","105 E 2nd St, New York, NY 10002",,"New York","New York","10002","105 E 2nd St, New York, NY 10002",,"New York","New York","10002",,,,
37,"MK8086966779","2024-08-06T20:53:30.000Z","2024-08-06T20:53:30.000Z","140 Chrystie St, New York, NY 10002",,"New York","New York","10002","140 Chrystie St, New York, NY 10002",,"New York","New York","10002",,,,
38,"MK1909670661","2024-08-06T20:53:30.000Z","2024-08-06T20:53:30.000Z","75 Forsyth St, New York, NY 10002",,"New York","New York","10002","75 Forsyth St, New York, NY 10002",,"New York","New York","10002",,,,
39,"MK7361558990","2024-08-06T20:53:30.000Z","2024-08-06T20:53:30.000Z","115 Allen St, New York, NY 10002",,"New York","New York","10002","115 Allen St, New York, NY 10002",,"New York","New York","10002",,,,
40,"MK7948747016","2024-08-06T20:53:30.000Z","2024-08-06T20:53:30.000Z","145 Attorney St, New York, NY 10002",,"New York","New York","10002","145 Attorney St, New York, NY 10002",,"New York","New York","10002",,,,
41,"MK204577977","2024-08-06T20:53:30.000Z","2024-08-06T20:53:30.000Z","50 Clinton St, New York, NY 10002",,"New York","New York","10002","50 Clinton St, New York, NY 10002",,"New York","New York","10002",,,,
42,"MK9719391123","2024-08-06T20:53:30.000Z","2024-08-06T20:53:30.000Z","156-164 Delancey St, New York, NY 10002",,"New York","New York","10002","156-164 Delancey St, New York, NY 10002",,"New York","New York","10002",,,,
43,"MK8388040267","2024-08-06T20:53:30.000Z","2024-08-06T20:53:30.000Z","105 E Houston St, New York, NY 10002",,"New York","New York","10002","105 E Houston St, New York, NY 10002",,"New York","New York","10002",,,,
44,"MK5252735205","2024-08-06T20:53:30.000Z","2024-08-06T20:53:30.000Z","75 Avenue D, New York, NY 10002",,"New York","New York","10002","75 Avenue D, New York, NY 10002",,"New York","New York","10002",,,,
45,"MK1254538823","2024-08-06T20:53:30.000Z","2024-08-06T20:53:30.000Z","85 Delancey St, New York, NY 10002",,"New York","New York","10002","85 Delancey St, New York, NY 10002",,"New York","New York","10002",,,,
46,"MK5154978211","2024-08-06T20:53:30.000Z","2024-08-06T20:53:30.000Z","41 Rivington St, New York, NY 10002",,"New York","New York","10002","41 Rivington St, New York, NY 10002",,"New York","New York","10002",,,,
47,"MK8891088070","2024-08-06T20:53:30.000Z","2024-08-06T20:53:30.000Z","95 Suffolk St, New York, NY 10002",,"New York","New York","10002","95 Suffolk St, New York, NY 10002",,"New York","New York","10002",,,,
48,"MK3849934353","2024-08-06T20:53:30.000Z","2024-08-06T20:53:30.000Z","130 Essex St, New York, NY 10002",,"New York","New York","10002","130 Essex St, New York, NY 10002",,"New York","New York","10002",,,,
49,"MK3949721921","2024-08-06T20:53:30.000Z","2024-08-06T20:53:30.000Z","60 Stanton St, New York, NY 10002",,"New York","New York","10002","60 Stanton St, New York, NY 10002",,"New York","New York","10002",,,,
50,"MK4082630197","2024-08-06T20:53:30.000Z","2024-08-06T20:53:30.000Z","75 Orchard St, New York, NY 10002",,"New York","New York","10002","75 Orchard St, New York, NY 10002",,"New York","New York","10002",,,,
51,"MK8633699196","2024-08-06T20:53:30.000Z","2024-08-06T20:53:30.000Z","120 Ludlow St, New York, NY 10002",,"New York","New York","10002","120 Ludlow St, New York, NY 10002",,"New York","New York","10002",,,,
52,"MK7180484544","2024-08-06T20:53:30.000Z","2024-08-06T20:53:30.000Z","85 Pitt St, New York, NY 10002",,"New York","New York","10002","85 Pitt St, New York, NY 10002",,"New York","New York","10002",,,,
53,"MK9963490468","2024-08-06T20:53:30.000Z","2024-08-06T20:53:30.000Z","140 Norfolk St, New York, NY 10002",,"New York","New York","10002","140 Norfolk St, New York, NY 10002",,"New York","New York","10002",,,,
54,"MK3305193317","2024-08-06T20:53:30.000Z","2024-08-06T20:53:30.000Z","95 Broome St, New York, NY 10002",,"New York","New York","10002","95 Broome St, New York, NY 10002",,"New York","New York","10002",,,,
55,"MK1657655843","2024-08-06T20:53:30.000Z","2024-08-06T20:53:30.000Z","110 E 1st St, New York, NY 10002",,"New York","New York","10002","110 E 1st St, New York, NY 10002",,"New York","New York","10002",,,,
56,"MK7775690229","2024-08-06T20:53:30.000Z","2024-08-06T20:53:30.000Z","60 E 2nd St, New York, NY 10002",,"New York","New York","10002","60 E 2nd St, New York, NY 10002",,"New York","New York","10002",,,,
57,"MK9516810321","2024-08-06T20:53:30.000Z","2024-08-06T20:53:30.000Z","75 Chrystie St, New York, NY 10002",,"New York","New York","10002","75 Chrystie St, New York, NY 10002",,"New York","New York","10002",,,,
58,"MK798697624","2024-08-06T20:53:30.000Z","2024-08-06T20:53:30.000Z","145 Forsyth St, New York, NY 10002",,"New York","New York","10002","145 Forsyth St, New York, NY 10002",,"New York","New York","10002",,,,
59,"MK4224807675","2024-08-06T20:53:30.000Z","2024-08-06T20:53:30.000Z","50 Allen St, New York, NY 10002",,"New York","New York","10002","50 Allen St, New York, NY 10002",,"New York","New York","10002",,,,
60,"MK9890347148","2024-08-06T20:53:30.000Z","2024-08-06T20:53:30.000Z","70 Attorney St, New York, NY 10002",,"New York","New York","10002","70 Attorney St, New York, NY 10002",,"New York","New York","10002",,,,
61,"MK5158946612","2024-08-06T20:53:30.000Z","2024-08-06T20:53:30.000Z","80 Clinton St, New York, NY 10002",,"New York","New York","10002","80 Clinton St, New York, NY 10002",,"New York","New York","10002",,,,
62,"MK1992626535","2024-08-06T20:53:30.000Z","2024-08-06T20:53:30.000Z","550 Grand St, New York, NY 10002",,"New York","New York","10002","550 Grand St, New York, NY 10002",,"New York","New York","10002",,,,
63,"MK5022374650","2024-08-06T20:53:30.000Z","2024-08-06T20:53:30.000Z","100 E Houston St, New York, NY 10002",,"New York","New York","10002","100 E Houston St, New York, NY 10002",,"New York","New York","10002",,,,
64,"MK3511495489","2024-08-06T20:53:30.000Z","2024-08-06T20:53:30.000Z","130 Avenue D, New York, NY 10002",,"New York","New York","10002","130 Avenue D, New York, NY 10002",,"New York","New York","10002",,,,
65,"MK2470279487","2024-08-06T20:53:30.000Z","2024-08-06T20:53:30.000Z","55 Delancey St, New York, NY 10002",,"New York","New York","10002","55 Delancey St, New York, NY 10002",,"New York","New York","10002",,,,
66,"MK8053436197","2024-08-06T20:53:30.000Z","2024-08-06T20:53:30.000Z","110 Rivington St, New York, NY 10002",,"New York","New York","10002","110 Rivington St, New York, NY 10002",,"New York","New York","10002",,,,
67,"MK6913254568","2024-08-06T20:53:30.000Z","2024-08-06T20:53:30.000Z","70 Suffolk St, New York, NY 10002",,"New York","New York","10002","70 Suffolk St, New York, NY 10002",,"New York","New York","10002",,,,
68,"MK5933353794","2024-08-06T20:53:30.000Z","2024-08-06T20:53:30.000Z","125 Essex St, New York, NY 10002",,"New York","New York","10002","125 Essex St, New York, NY 10002",,"New York","New York","10002",,,,
69,"MK7425039527","2024-08-06T20:53:30.000Z","2024-08-06T20:53:30.000Z","60 Stanton St, New York, NY 10002",,"New York","New York","10002","60 Stanton St, New York, NY 10002",,"New York","New York","10002",,,,
70,"MK1000565515","2024-08-06T20:53:30.000Z","2024-08-06T20:53:30.000Z","145 Orchard St, New York, NY 10002",,"New York","New York","10002","145 Orchard St, New York, NY 10002",,"New York","New York","10002",,,,
71,"MK7875032937","2024-08-06T20:53:30.000Z","2024-08-06T20:53:30.000Z","85 Ludlow St, New York, NY 10002",,"New York","New York","10002","85 Ludlow St, New York, NY 10002",,"New York","New York","10002",,,,
72,"MK424983328","2024-08-06T20:53:30.000Z","2024-08-06T20:53:30.000Z","95 Pitt St, New York, NY 10002",,"New York","New York","10002","95 Pitt St, New York, NY 10002",,"New York","New York","10002",,,,
73,"MK2924560949","2024-08-06T20:53:30.000Z","2024-08-06T20:53:30.000Z","105 Norfolk St, New York, NY 10002",,"New York","New York","10002","105 Norfolk St, New York, NY 10002",,"New York","New York","10002",,,,
74,"MK4161097010","2024-08-06T20:53:30.000Z","2024-08-06T20:53:30.000Z","50 Broome St, New York, NY 10002",,"New York","New York","10002","50 Broome St, New York, NY 10002",,"New York","New York","10002",,,,
75,"MK7111320003","2024-08-06T20:53:30.000Z","2024-08-06T20:53:30.000Z","115 E 1st St, New York, NY 10002",,"New York","New York","10002","115 E 1st St, New York, NY 10002",,"New York","New York","10002",,,,
76,"MK8246009422","2024-08-06T20:53:30.000Z","2024-08-06T20:53:30.000Z","125 E 2nd St, New York, NY 10002",,"New York","New York","10002","125 E 2nd St, New York, NY 10002",,"New York","New York","10002",,,,
77,"MK4774717237","2024-08-06T20:53:30.000Z","2024-08-06T20:53:30.000Z","60 Chrystie St, New York, NY 10002",,"New York","New York","10002","60 Chrystie St, New York, NY 10002",,"New York","New York","10002",,,,
78,"MK670656822","2024-08-06T20:53:30.000Z","2024-08-06T20:53:30.000Z","135 Forsyth St, New York, NY 10002",,"New York","New York","10002","135 Forsyth St, New York, NY 10002",,"New York","New York","10002",,,,
79,"MK95623030","2024-08-06T20:53:30.000Z","2024-08-06T20:53:30.000Z","145 Allen St, New York, NY 10002",,"New York","New York","10002","145 Allen St, New York, NY 10002",,"New York","New York","10002",,,,
80,"MK9314616905","2024-08-06T20:53:30.000Z","2024-08-06T20:53:30.000Z","70 Attorney St, New York, NY 10002",,"New York","New York","10002","70 Attorney St, New York, NY 10002",,"New York","New York","10002",,,,
81,"MK7500646319","2024-08-06T20:53:30.000Z","2024-08-06T20:53:30.000Z","90 Clinton St, New York, NY 10002",,"New York","New York","10002","90 Clinton St, New York, NY 10002",,"New York","New York","10002",,,,
82,"MK6781458276","2024-08-06T20:53:30.000Z","2024-08-06T20:53:30.000Z","105 Grand St, New York, NY 10002",,"New York","New York","10002","105 Grand St, New York, NY 10002",,"New York","New York","10002",,,,
83,"MK7968744814","2024-08-06T20:53:30.000Z","2024-08-06T20:53:30.000Z","135 E Houston St, New York, NY 10002",,"New York","New York","10002","135 E Houston St, New York, NY 10002",,"New York","New York","10002",,,,
84,"MK4546744907","2024-08-06T20:53:30.000Z","2024-08-06T20:53:30.000Z","60 Avenue D, New York, NY 10002",,"New York","New York","10002","60 Avenue D, New York, NY 10002",,"New York","New York","10002",,,,
85,"MK9552239529","2024-08-06T20:53:30.000Z","2024-08-06T20:53:30.000Z","80 Delancey St, New York, NY 10002",,"New York","New York","10002","80 Delancey St, New York, NY 10002",,"New York","New York","10002",,,,
86,"MK5682005964","2024-08-06T20:53:30.000Z","2024-08-06T20:53:30.000Z","110 Rivington St, New York, NY 10002",,"New York","New York","10002","110 Rivington St, New York, NY 10002",,"New York","New York","10002",,,,
87,"MK2554967573","2024-08-06T20:53:30.000Z","2024-08-06T20:53:30.000Z","125 Suffolk St, New York, NY 10002",,"New York","New York","10002","125 Suffolk St, New York, NY 10002",,"New York","New York","10002",,,,
88,"MK7659924123","2024-08-06T20:53:30.000Z","2024-08-06T20:53:30.000Z","75 Essex St, New York, NY 10002",,"New York","New York","10002","75 Essex St, New York, NY 10002",,"New York","New York","10002",,,,
89,"MK5489703463","2024-08-06T20:53:30.000Z","2024-08-06T20:53:30.000Z","135 Stanton St, New York, NY 10002",,"New York","New York","10002","135 Stanton St, New York, NY 10002",,"New York","New York","10002",,,,
90,"MK1227415017","2024-08-06T20:53:30.000Z","2024-08-06T20:53:30.000Z","95 Orchard St, New York, NY 10002",,"New York","New York","10002","95 Orchard St, New York, NY 10002",,"New York","New York","10002",,,,
91,"MK6707599425","2024-08-06T20:53:30.000Z","2024-08-06T20:53:30.000Z","50 Ludlow St, New York, NY 10002",,"New York","New York","10002","50 Ludlow St, New York, NY 10002",,"New York","New York","10002",,,,
92,"MK7428343347","2024-08-06T20:53:30.000Z","2024-08-06T20:53:30.000Z","115 Pitt St, New York, NY 10002",,"New York","New York","10002","115 Pitt St, New York, NY 10002",,"New York","New York","10002",,,,
93,"MK3643843274","2024-08-06T20:53:30.000Z","2024-08-06T20:53:30.000Z","80 Norfolk St, New York, NY 10002",,"New York","New York","10002","80 Norfolk St, New York, NY 10002",,"New York","New York","10002",,,,
94,"MK8193965193","2024-08-06T20:53:30.000Z","2024-08-06T20:53:30.000Z","90 Broome St, New York, NY 10002",,"New York","New York","10002","90 Broome St, New York, NY 10002",,"New York","New York","10002",,,,
95,"MK3019565054","2024-08-06T20:53:30.000Z","2024-08-06T20:53:30.000Z","105 E 1st St, New York, NY 10002",,"New York","New York","10002","105 E 1st St, New York, NY 10002",,"New York","New York","10002",,,,
96,"MK3968607155","2024-08-06T20:53:30.000Z","2024-08-06T20:53:30.000Z","65 E 2nd St, New York, NY 10002",,"New York","New York","10002","65 E 2nd St, New York, NY 10002",,"New York","New York","10002",,,,
97,"MK3380092970","2024-08-06T20:53:30.000Z","2024-08-06T20:53:30.000Z","145 Chrystie St, New York, NY 10002",,"New York","New York","10002","145 Chrystie St, New York, NY 10002",,"New York","New York","10002",,,,
98,"MK8592805754","2024-08-06T20:53:30.000Z","2024-08-06T20:53:30.000Z","50 Forsyth St, New York, NY 10002",,"New York","New York","10002","50 Forsyth St, New York, NY 10002",,"New York","New York","10002",,,,
99,"MK9133201114","2024-08-06T20:53:30.000Z","2024-08-06T20:53:30.000Z","110 Allen St, New York, NY 10002",,"New York","New York","10002","110 Allen St, New York, NY 10002",,"New York","New York","10002",,,,
100,"MK5208896060","2024-08-06T20:53:30.000Z","2024-08-06T20:53:30.000Z","60 Attorney St, New York, NY 10002",,"New York","New York","10002","60 Attorney St, New York, NY 10002",,"New York","New York","10002",,,,
101,"MK4767515764","2024-08-06T20:53:30.000Z","2024-08-06T20:53:30.000Z","11 Hubert St, New York, NY 10013",,"New York","New York","10013","11 Hubert St, New York, NY 10013",,"New York","New York","10013",,,,
102,"MK3801219007","2024-08-06T20:53:30.000Z","2024-08-06T20:53:30.000Z","19 Vestry St, New York, NY 10013",,"New York","New York","10013","19 Vestry St, New York, NY 10013",,"New York","New York","10013",,,,
103,"MK9970154634","2024-08-06T20:53:30.000Z","2024-08-06T20:53:30.000Z","60 Beach St, New York, NY 10013",,"New York","New York","10013","60 Beach St, New York, NY 10013",,"New York","New York","10013",,,,
104,"MK890104215","2024-08-06T20:53:30.000Z","2024-08-06T20:53:30.000Z","70 Franklin St, New York, NY 10013",,"New York","New York","10013","70 Franklin St, New York, NY 10013",,"New York","New York","10013",,,,
105,"MK8526087047","2024-08-06T20:53:30.000Z","2024-08-06T20:53:30.000Z","80 Leonard St, New York, NY 10013",,"New York","New York","10013","80 Leonard St, New York, NY 10013",,"New York","New York","10013",,,,
106,"MK8173908133","2024-08-06T20:53:30.000Z","2024-08-06T20:53:30.000Z","110 Duane St, New York, NY 10013",,"New York","New York","10013","110 Duane St, New York, NY 10013",,"New York","New York","10013",,,,
107,"MK4685294017","2024-08-06T20:53:30.000Z","2024-08-06T20:53:30.000Z","161 Hudson St, New York, NY 10013",,"New York","New York","10013","161 Hudson St, New York, NY 10013",,"New York","New York","10013",,,,
108,"MK2251933361","2024-08-06T20:53:30.000Z","2024-08-06T20:53:30.000Z","366 Broadway, New York, NY 10013",,"New York","New York","10013","366 Broadway, New York, NY 10013",,"New York","New York","10013",,,,
109,"MK9478509113","2024-08-06T20:53:30.000Z","2024-08-06T20:53:30.000Z","101 Sixth Ave, New York, NY 10013",,"New York","New York","10013","101 Sixth Ave, New York, NY 10013",,"New York","New York","10013",,,,
110,"MK4816650973","2024-08-06T20:53:30.000Z","2024-08-06T20:53:30.000Z","143 Reade St, New York, NY 10013",,"New York","New York","10013","143 Reade St, New York, NY 10013",,"New York","New York","10013",,,,
111,"MK4531464566","2024-08-06T20:53:30.000Z","2024-08-06T20:53:30.000Z","166 Franklin St, New York, NY 10013",,"New York","New York","10013","166 Franklin St, New York, NY 10013",,"New York","New York","10013",,,,
112,"MK641918327","2024-08-06T20:53:30.000Z","2024-08-06T20:53:30.000Z","83 Walker St, New York, NY 10013",,"New York","New York","10013","83 Walker St, New York, NY 10013",,"New York","New York","10013",,,,
113,"MK3645618228","2024-08-06T20:53:30.000Z","2024-08-06T20:53:30.000Z","11 Harrison St, New York, NY 10013",,"New York","New York","10013","11 Harrison St, New York, NY 10013",,"New York","New York","10013",,,,
114,"MK1031546999","2024-08-06T20:53:30.000Z","2024-08-06T20:53:30.000Z","15 Hubert St, New York, NY 10013",,"New York","New York","10013","15 Hubert St, New York, NY 10013",,"New York","New York","10013",,,,
115,"MK4133399943","2024-08-06T20:53:30.000Z","2024-08-06T20:53:30.000Z","195 Hudson St, New York, NY 10013",,"New York","New York","10013","195 Hudson St, New York, NY 10013",,"New York","New York","10013",,,,
116,"MK5984552998","2024-08-06T20:53:30.000Z","2024-08-06T20:53:30.000Z","235 West Broadway, New York, NY 10013",,"New York","New York","10013","235 West Broadway, New York, NY 10013",,"New York","New York","10013",,,,
117,"MK6511662408","2024-08-06T20:53:30.000Z","2024-08-06T20:53:30.000Z","360 Greenwich St, New York, NY 10013",,"New York","New York","10013","360 Greenwich St, New York, NY 10013",,"New York","New York","10013",,,,
118,"MK6197379385","2024-08-06T20:53:30.000Z","2024-08-06T20:53:30.000Z","55 Lispenard St, New York, NY 10013",,"New York","New York","10013","55 Lispenard St, New York, NY 10013",,"New York","New York","10013",,,,
119,"MK6691072673","2024-08-06T20:53:30.000Z","2024-08-06T20:53:30.000Z","56 Walker St, New York, NY 10013",,"New York","New York","10013","56 Walker St, New York, NY 10013",,"New York","New York","10013",,,,
120,"MK2430627401","2024-08-06T20:53:30.000Z","2024-08-06T20:53:30.000Z","60 Lispenard St, New York, NY 10013",,"New York","New York","10013","60 Lispenard St, New York, NY 10013",,"New York","New York","10013",,,,
121,"MK3480615375","2024-08-06T20:53:30.000Z","2024-08-06T20:53:30.000Z","62 White St, New York, NY 10013",,"New York","New York","10013","62 White St, New York, NY 10013",,"New York","New York","10013",,,,
122,"MK8556905669","2024-08-06T20:53:30.000Z","2024-08-06T20:53:30.000Z","77 Hudson St, New York, NY 10013",,"New York","New York","10013","77 Hudson St, New York, NY 10013",,"New York","New York","10013",,,,
123,"MK7548187091","2024-08-06T20:53:30.000Z","2024-08-06T20:53:30.000Z","79 Worth St, New York, NY 10013",,"New York","New York","10013","79 Worth St, New York, NY 10013",,"New York","New York","10013",,,,
124,"MK1898902853","2024-08-06T20:53:30.000Z","2024-08-06T20:53:30.000Z","80 North Moore St, New York, NY 10013",,"New York","New York","10013","80 North Moore St, New York, NY 10013",,"New York","New York","10013",,,,
125,"MK9188594942","2024-08-06T20:53:30.000Z","2024-08-06T20:53:30.000Z","83 Leonard St, New York, NY 10013",,"New York","New York","10013","83 Leonard St, New York, NY 10013",,"New York","New York","10013",,,,
126,"MK4934516725","2024-08-06T20:53:30.000Z","2024-08-06T20:53:30.000Z","90 Franklin St, New York, NY 10013",,"New York","New York","10013","90 Franklin St, New York, NY 10013",,"New York","New York","10013",,,,
127,"MK1929186154","2024-08-06T20:53:30.000Z","2024-08-06T20:53:30.000Z","105 Chambers St, New York, NY 10013",,"New York","New York","10013","105 Chambers St, New York, NY 10013",,"New York","New York","10013",,,,
128,"MK5830722872","2024-08-06T20:53:30.000Z","2024-08-06T20:53:30.000Z","108 Leonard St, New York, NY 10013",,"New York","New York","10013","108 Leonard St, New York, NY 10013",,"New York","New York","10013",,,,
129,"MK8647767369","2024-08-06T20:53:30.000Z","2024-08-06T20:53:30.000Z","114 Franklin St, New York, NY 10013",,"New York","New York","10013","114 Franklin St, New York, NY 10013",,"New York","New York","10013",,,,
130,"MK7648927165","2024-08-06T20:53:30.000Z","2024-08-06T20:53:30.000Z","115 Franklin St, New York, NY 10013",,"New York","New York","10013","115 Franklin St, New York, NY 10013",,"New York","New York","10013",,,,
131,"MK9111144503","2024-08-06T20:53:30.000Z","2024-08-06T20:53:30.000Z","121 Chambers St, New York, NY 10013",,"New York","New York","10013","121 Chambers St, New York, NY 10013",,"New York","New York","10013",,,,
132,"MK3277910319","2024-08-06T20:53:30.000Z","2024-08-06T20:53:30.000Z","124 Hudson St, New York, NY 10013",,"New York","New York","10013","124 Hudson St, New York, NY 10013",,"New York","New York","10013",,,,
133,"MK3414395962","2024-08-06T20:53:30.000Z","2024-08-06T20:53:30.000Z","142 Watts St, New York, NY 10013",,"New York","New York","10013","142 Watts St, New York, NY 10013",,"New York","New York","10013",,,,
134,"MK5287299770","2024-08-06T20:53:30.000Z","2024-08-06T20:53:30.000Z","145 Hudson St, New York, NY 10013",,"New York","New York","10013","145 Hudson St, New York, NY 10013",,"New York","New York","10013",,,,
135,"MK3222700966","2024-08-06T20:53:30.000Z","2024-08-06T20:53:30.000Z","147 Franklin St, New York, NY 10013",,"New York","New York","10013","147 Franklin St, New York, NY 10013",,"New York","New York","10013",,,,
136,"MK7053405499","2024-08-06T20:53:30.000Z","2024-08-06T20:53:30.000Z","157 Hudson St, New York, NY 10013",,"New York","New York","10013","157 Hudson St, New York, NY 10013",,"New York","New York","10013",,,,
137,"MK1138335444","2024-08-06T20:53:30.000Z","2024-08-06T20:53:30.000Z","175 Franklin St, New York, NY 10013",,"New York","New York","10013","175 Franklin St, New York, NY 10013",,"New York","New York","10013",,,,
138,"MK9665047371","2024-08-06T20:53:30.000Z","2024-08-06T20:53:30.000Z","200 Chambers St, New York, NY 10013",,"New York","New York","10013","200 Chambers St, New York, NY 10013",,"New York","New York","10013",,,,
139,"MK51484010","2024-08-06T20:53:30.000Z","2024-08-06T20:53:30.000Z","205 Hudson St, New York, NY 10013",,"New York","New York","10013","205 Hudson St, New York, NY 10013",,"New York","New York","10013",,,,
140,"MK4975130005","2024-08-06T20:53:30.000Z","2024-08-06T20:53:30.000Z","210 Lafayette St, New York, NY 10013",,"New York","New York","10013","210 Lafayette St, New York, NY 10013",,"New York","New York","10013",,,,
141,"MK4432783198","2024-08-06T20:53:30.000Z","2024-08-06T20:53:30.000Z","212 West Broadway, New York, NY 10013",,"New York","New York","10013","212 West Broadway, New York, NY 10013",,"New York","New York","10013",,,,
142,"MK1603172007","2024-08-06T20:53:30.000Z","2024-08-06T20:53:30.000Z","311 Greenwich St, New York, NY 10013",,"New York","New York","10013","311 Greenwich St, New York, NY 10013",,"New York","New York","10013",,,,
143,"MK2081038268","2024-08-06T20:53:30.000Z","2024-08-06T20:53:30.000Z","345 Hudson St, New York, NY 10013",,"New York","New York","10013","345 Hudson St, New York, NY 10013",,"New York","New York","10013",,,,
144,"MK4559791576","2024-08-06T20:53:30.000Z","2024-08-06T20:53:30.000Z","349 Broadway, New York, NY 10013",,"New York","New York","10013","349 Broadway, New York, NY 10013",,"New York","New York","10013",,,,
145,"MK5625479007","2024-08-06T20:53:30.000Z","2024-08-06T20:53:30.000Z","351 Broadway, New York, NY 10013",,"New York","New York","10013","351 Broadway, New York, NY 10013",,"New York","New York","10013",,,,
146,"MK5574909942","2024-08-06T20:53:30.000Z","2024-08-06T20:53:30.000Z","353 Broadway, New York, NY 10013",,"New York","New York","10013","353 Broadway, New York, NY 10013",,"New York","New York","10013",,,,
147,"MK2446632534","2024-08-06T20:53:30.000Z","2024-08-06T20:53:30.000Z","355 Broadway, New York, NY 10013",,"New York","New York","10013","355 Broadway, New York, NY 10013",,"New York","New York","10013",,,,
148,"MK1162223433","2024-08-06T20:53:30.000Z","2024-08-06T20:53:30.000Z","357 Broadway, New York, NY 10013",,"New York","New York","10013","357 Broadway, New York, NY 10013",,"New York","New York","10013",,,,
149,"MK9467941303","2024-08-06T20:53:30.000Z","2024-08-06T20:53:30.000Z","359 Broadway, New York, NY 10013",,"New York","New York","10013","359 Broadway, New York, NY 10013",,"New York","New York","10013",,,,
150,"MK1503809438","2024-08-06T20:53:30.000Z","2024-08-06T20:53:30.000Z","361 Broadway, New York, NY 10013",,"New York","New York","10013","361 Broadway, New York, NY 10013",,"New York","New York","10013",,,,
151,"MK2032501548","2024-08-06T20:53:30.000Z","2024-08-06T20:53:30.000Z","1 Astor Place, New York, NY 10003",,"New York","New York","10003","1 Astor Place, New York, NY 10003",,"New York","New York","10003",,,,
152,"MK5011201585","2024-08-06T20:53:30.000Z","2024-08-06T20:53:30.000Z","2 Cooper Square, New York, NY 10003",,"New York","New York","10003","2 Cooper Square, New York, NY 10003",,"New York","New York","10003",,,,
153,"MK899548098","2024-08-06T20:53:30.000Z","2024-08-06T20:53:30.000Z","21 Astor Place, New York, NY 10003",,"New York","New York","10003","21 Astor Place, New York, NY 10003",,"New York","New York","10003",,,,
154,"MK9486420627","2024-08-06T20:53:30.000Z","2024-08-06T20:53:30.000Z","25 E 10th St, New York, NY 10003",,"New York","New York","10003","25 E 10th St, New York, NY 10003",,"New York","New York","10003",,,,
155,"MK6263050164","2024-08-06T20:53:30.000Z","2024-08-06T20:53:30.000Z","30 E 14th St, New York, NY 10003",,"New York","New York","10003","30 E 14th St, New York, NY 10003",,"New York","New York","10003",,,,
156,"MK2429422646","2024-08-06T20:53:30.000Z","2024-08-06T20:53:30.000Z","51 Astor Place, New York, NY 10003",,"New York","New York","10003","51 Astor Place, New York, NY 10003",,"New York","New York","10003",,,,
157,"MK6358166023","2024-08-06T20:53:30.000Z","2024-08-06T20:53:30.000Z","60 E 8th St, New York, NY 10003",,"New York","New York","10003","60 E 8th St, New York, NY 10003",,"New York","New York","10003",,,,
158,"MK8687254500","2024-08-06T20:53:30.000Z","2024-08-06T20:53:30.000Z","77 E 12th St, New York, NY 10003",,"New York","New York","10003","77 E 12th St, New York, NY 10003",,"New York","New York","10003",,,,
159,"MK3433937035","2024-08-06T20:53:30.000Z","2024-08-06T20:53:30.000Z","88 3rd Ave, New York, NY 10003",,"New York","New York","10003","88 3rd Ave, New York, NY 10003",,"New York","New York","10003",,,,
160,"MK7283914331","2024-08-06T20:53:30.000Z","2024-08-06T20:53:30.000Z","99 University Pl, New York, NY 10003",,"New York","New York","10003","99 University Pl, New York, NY 10003",,"New York","New York","10003",,,,
161,"MK980457014","2024-08-06T20:53:30.000Z","2024-08-06T20:53:30.000Z","111 3rd Ave, New York, NY 10003",,"New York","New York","10003","111 3rd Ave, New York, NY 10003",,"New York","New York","10003",,,,
162,"MK7280165074","2024-08-06T20:53:30.000Z","2024-08-06T20:53:30.000Z","123 3rd Ave, New York, NY 10003",,"New York","New York","10003","123 3rd Ave, New York, NY 10003",,"New York","New York","10003",,,,
163,"MK4043565712","2024-08-06T20:53:30.000Z","2024-08-06T20:53:30.000Z","130 E 12th St, New York, NY 10003",,"New York","New York","10003","130 E 12th St, New York, NY 10003",,"New York","New York","10003",,,,
164,"MK5303701581","2024-08-06T20:53:30.000Z","2024-08-06T20:53:30.000Z","143 E 13th St, New York, NY 10003",,"New York","New York","10003","143 E 13th St, New York, NY 10003",,"New York","New York","10003",,,,
165,"MK8236602780","2024-08-06T20:53:30.000Z","2024-08-06T20:53:30.000Z","155 E 13th St, New York, NY 10003",,"New York","New York","10003","155 E 13th St, New York, NY 10003",,"New York","New York","10003",,,,
166,"MK1924113502","2024-08-06T20:53:30.000Z","2024-08-06T20:53:30.000Z","166 2nd Ave, New York, NY 10003",,"New York","New York","10003","166 2nd Ave, New York, NY 10003",,"New York","New York","10003",,,,
167,"MK8252756823","2024-08-06T20:53:30.000Z","2024-08-06T20:53:30.000Z","200 E 10th St, New York, NY 10003",,"New York","New York","10003","200 E 10th St, New York, NY 10003",,"New York","New York","10003",,,,
168,"MK2843807538","2024-08-06T20:53:30.000Z","2024-08-06T20:53:30.000Z","205 E 16th St, New York, NY 10003",,"New York","New York","10003","205 E 16th St, New York, NY 10003",,"New York","New York","10003",,,,
169,"MK6171447068","2024-08-06T20:53:30.000Z","2024-08-06T20:53:30.000Z","215 E 14th St, New York, NY 10003",,"New York","New York","10003","215 E 14th St, New York, NY 10003",,"New York","New York","10003",,,,
170,"MK8243442802","2024-08-06T20:53:30.000Z","2024-08-06T20:53:30.000Z","220 E 12th St, New York, NY 10003",,"New York","New York","10003","220 E 12th St, New York, NY 10003",,"New York","New York","10003",,,,
171,"MK737821292","2024-08-06T20:53:30.000Z","2024-08-06T20:53:30.000Z","230 E 15th St, New York, NY 10003",,"New York","New York","10003","230 E 15th St, New York, NY 10003",,"New York","New York","10003",,,,
172,"MK4125637600","2024-08-06T20:53:30.000Z","2024-08-06T20:53:30.000Z","240 E 13th St, New York, NY 10003",,"New York","New York","10003","240 E 13th St, New York, NY 10003",,"New York","New York","10003",,,,
173,"MK8924599434","2024-08-06T20:53:30.000Z","2024-08-06T20:53:30.000Z","255 E 7th St, New York, NY 10003",,"New York","New York","10003","255 E 7th St, New York, NY 10003",,"New York","New York","10003",,,,
174,"MK3611225865","2024-08-06T20:53:30.000Z","2024-08-06T20:53:30.000Z","270 E 10th St, New York, NY 10003",,"New York","New York","10003","270 E 10th St, New York, NY 10003",,"New York","New York","10003",,,,
175,"MK3171687020","2024-08-06T20:53:30.000Z","2024-08-06T20:53:30.000Z","282 1st Ave, New York, NY 10003",,"New York","New York","10003","282 1st Ave, New York, NY 10003",,"New York","New York","10003",,,,
176,"MK6650478425","2024-08-06T20:53:30.000Z","2024-08-06T20:53:30.000Z","300 E 17th St, New York, NY 10003",,"New York","New York","10003","300 E 17th St, New York, NY 10003",,"New York","New York","10003",,,,
177,"MK9327316385","2024-08-06T20:53:30.000Z","2024-08-06T20:53:30.000Z","315 E 10th St, New York, NY 10003",,"New York","New York","10003","315 E 10th St, New York, NY 10003",,"New York","New York","10003",,,,
178,"MK2156826796","2024-08-06T20:53:30.000Z","2024-08-06T20:53:30.000Z","330 E 11th St, New York, NY 10003",,"New York","New York","10003","330 E 11th St, New York, NY 10003",,"New York","New York","10003",,,,
179,"MK1785215084","2024-08-06T20:53:30.000Z","2024-08-06T20:53:30.000Z","343 E 18th St, New York, NY 10003",,"New York","New York","10003","343 E 18th St, New York, NY 10003",,"New York","New York","10003",,,,
180,"MK7091794829","2024-08-06T20:53:30.000Z","2024-08-06T20:53:30.000Z","355 E 14th St, New York, NY 10003",,"New York","New York","10003","355 E 14th St, New York, NY 10003",,"New York","New York","10003",,,,
181,"MK6434021277","2024-08-06T20:53:30.000Z","2024-08-06T20:53:30.000Z","370 E 15th St, New York, NY 10003",,"New York","New York","10003","370 E 15th St, New York, NY 10003",,"New York","New York","10003",,,,
182,"MK2662600675","2024-08-06T20:53:30.000Z","2024-08-06T20:53:30.000Z","385 E 13th St, New York, NY 10003",,"New York","New York","10003","385 E 13th St, New York, NY 10003",,"New York","New York","10003",,,,
183,"MK934516151","2024-08-06T20:53:30.000Z","2024-08-06T20:53:30.000Z","401 E 8th St, New York, NY 10003",,"New York","New York","10003","401 E 8th St, New York, NY 10003",,"New York","New York","10003",,,,
184,"MK2924327967","2024-08-06T20:53:30.000Z","2024-08-06T20:53:30.000Z","420 E 9th St, New York, NY 10003",,"New York","New York","10003","420 E 9th St, New York, NY 10003",,"New York","New York","10003",,,,
185,"MK7962007033","2024-08-06T20:53:30.000Z","2024-08-06T20:53:30.000Z","435 E 10th St, New York, NY 10003",,"New York","New York","10003","435 E 10th St, New York, NY 10003",,"New York","New York","10003",,,,
186,"MK5212694427","2024-08-06T20:53:30.000Z","2024-08-06T20:53:30.000Z","450 E 11th St, New York, NY 10003",,"New York","New York","10003","450 E 11th St, New York, NY 10003",,"New York","New York","10003",,,,
187,"MK5178394067","2024-08-06T20:53:30.000Z","2024-08-06T20:53:30.000Z","470 E 13th St, New York, NY 10003",,"New York","New York","10003","470 E 13th St, New York, NY 10003",,"New York","New York","10003",,,,
188,"MK8412378834","2024-08-06T20:53:30.000Z","2024-08-06T20:53:30.000Z","490 E 17th St, New York, NY 10003",,"New York","New York","10003","490 E 17th St, New York, NY 10003",,"New York","New York","10003",,,,
189,"MK8259896639","2024-08-06T20:53:30.000Z","2024-08-06T20:53:30.000Z","500 E 5th St, New York, NY 10003",,"New York","New York","10003","500 E 5th St, New York, NY 10003",,"New York","New York","10003",,,,
190,"MK3447646333","2024-08-06T20:53:30.000Z","2024-08-06T20:53:30.000Z","520 E 14th St, New York, NY 10003",,"New York","New York","10003","520 E 14th St, New York, NY 10003",,"New York","New York","10003",,,,
191,"MK5038259084","2024-08-06T20:53:30.000Z","2024-08-06T20:53:30.000Z","540 E 12th St, New York, NY 10003",,"New York","New York","10003","540 E 12th St, New York, NY 10003",,"New York","New York","10003",,,,
192,"MK1222827173","2024-08-06T20:53:30.000Z","2024-08-06T20:53:30.000Z","560 E 13th St, New York, NY 10003",,"New York","New York","10003","560 E 13th St, New York, NY 10003",,"New York","New York","10003",,,,
193,"MK775730409","2024-08-06T20:53:30.000Z","2024-08-06T20:53:30.000Z","580 E 9th St, New York, NY 10003",,"New York","New York","10003","580 E 9th St, New York, NY 10003",,"New York","New York","10003",,,,
194,"MK4463943515","2024-08-06T20:53:30.000Z","2024-08-06T20:53:30.000Z","600 E 11th St, New York, NY 10003",,"New York","New York","10003","600 E 11th St, New York, NY 10003",,"New York","New York","10003",,,,
195,"MK1609876494","2024-08-06T20:53:30.000Z","2024-08-06T20:53:30.000Z","620 E 5th St, New York, NY 10003",,"New York","New York","10003","620 E 5th St, New York, NY 10003",,"New York","New York","10003",,,,
196,"MK8745978495","2024-08-06T20:53:30.000Z","2024-08-06T20:53:30.000Z","640 E 13th St, New York, NY 10003",,"New York","New York","10003","640 E 13th St, New York, NY 10003",,"New York","New York","10003",,,,
197,"MK9314735050","2024-08-06T20:53:30.000Z","2024-08-06T20:53:30.000Z","660 E 14th St, New York, NY 10003",,"New York","New York","10003","660 E 14th St, New York, NY 10003",,"New York","New York","10003",,,,
198,"MK2177828579","2024-08-06T20:53:30.000Z","2024-08-06T20:53:30.000Z","680 E 11th St, New York, NY 10003",,"New York","New York","10003","680 E 11th St, New York, NY 10003",,"New York","New York","10003",,,,
199,"MK5323690557","2024-08-06T20:53:30.000Z","2024-08-06T20:53:30.000Z","700 E 12th St, New York, NY 10003",,"New York","New York","10003","700 E 12th St, New York, NY 10003",,"New York","New York","10003",,,,
200,"MK5249848635","2024-08-06T20:53:30.000Z","2024-08-06T20:53:30.000Z","720 E 14th St, New York, NY 10003",,"New York","New York","10003","720 E 14th St, New York, NY 10003",,"New York","New York","10003",,,,
201,"MK2178188832","2024-08-06T20:53:30.000Z","2024-08-06T20:53:30.000Z","740 E 13th St, New York, NY 10003",,"New York","New York","10003","740 E 13th St, New York, NY 10003",,"New York","New York","10003",,,,
202,"MK9246691898","2024-08-06T20:53:30.000Z","2024-08-06T20:53:30.000Z","760 E 12th St, New York, NY 10003",,"New York","New York","10003","760 E 12th St, New York, NY 10003",,"New York","New York","10003",,,,
203,"MK4309224733","2024-08-06T20:53:30.000Z","2024-08-06T20:53:30.000Z","780 E 5th St, New York, NY 10003",,"New York","New York","10003","780 E 5th St, New York, NY 10003",,"New York","New York","10003",,,,
204,"12231123","2024-08-07T23:01:09.000Z","2024-08-07T23:01:09.000Z",,,,,,,,,,,,,,
205,"MK9445755258","2024-08-09T12:26:08.000Z","2024-08-09T12:26:08.000Z","wwww wwww wwww wwww wwww www wwwwwb","wwww wwww wwww wwww wwww www wwwwwa","Brooklyn","New York","11221","47 W 13th St, New York, NY 10011, USA",,"New York","New York","10011",,,,
206,"MK2076779949","2024-08-09T16:13:36.000Z","2024-08-09T16:13:36.000Z","150 Clinton St, New York, NY 10002",,"New York","New York","10002","150 Clinton St, New York, NY 10002",,"New York","New York","10002",,,,
207,"MK6190535020","2024-08-09T16:13:36.000Z","2024-08-09T16:13:36.000Z","87-89 Attorney St, New York, NY 10002",,"New York","New York","10002","87-89 Attorney St, New York, NY 10002",,"New York","New York","10002",,,,
208,"MK1107601779","2024-08-09T16:13:36.000Z","2024-08-09T16:13:36.000Z","89 Clinton St, New York, NY 10002",,"New York","New York","10002","89 Clinton St, New York, NY 10002",,"New York","New York","10002",,,,
209,"MK1716954306","2024-08-09T16:13:36.000Z","2024-08-09T16:13:36.000Z","110 Avenue D, New York, NY 10002",,"New York","New York","10002","110 Avenue D, New York, NY 10002",,"New York","New York","10002",,,,
210,"MK8570035606","2024-08-09T16:13:36.000Z","2024-08-09T16:13:36.000Z","120 Delancey St, New York, NY 10002",,"New York","New York","10002","120 Delancey St, New York, NY 10002",,"New York","New York","10002",,,,
211,"MK9060323347","2024-08-09T16:13:36.000Z","2024-08-09T16:13:36.000Z","50 Rivington St, New York, NY 10002",,"New York","New York","10002","50 Rivington St, New York, NY 10002",,"New York","New York","10002",,,,
212,"MK7955318648","2024-08-09T16:13:36.000Z","2024-08-09T16:13:36.000Z","130 Suffolk St, New York, NY 10002",,"New York","New York","10002","130 Suffolk St, New York, NY 10002",,"New York","New York","10002",,,,
213,"MK1675452025","2024-08-09T16:13:36.000Z","2024-08-09T16:13:36.000Z","45 Essex St, New York, NY 10002",,"New York","New York","10002","45 Essex St, New York, NY 10002",,"New York","New York","10002",,,,
214,"MK4646340122","2024-08-09T16:13:36.000Z","2024-08-09T16:13:36.000Z","100 Stanton St, New York, NY 10002",,"New York","New York","10002","100 Stanton St, New York, NY 10002",,"New York","New York","10002",,,,
215,"MK6223077491","2024-08-09T16:13:36.000Z","2024-08-09T16:13:36.000Z","60 Orchard St, New York, NY 10002",,"New York","New York","10002","60 Orchard St, New York, NY 10002",,"New York","New York","10002",,,,
216,"MK2850794351","2024-08-09T16:13:36.000Z","2024-08-09T16:13:36.000Z","85 Ludlow St, New York, NY 10002",,"New York","New York","10002","85 Ludlow St, New York, NY 10002",,"New York","New York","10002",,,,
217,"MK3931139349","2024-08-09T16:13:36.000Z","2024-08-09T16:13:36.000Z","55 Pitt St, New York, NY 10002",,"New York","New York","10002","55 Pitt St, New York, NY 10002",,"New York","New York","10002",,,,
218,"MK3767562267","2024-08-09T16:13:36.000Z","2024-08-09T16:13:36.000Z","140 Norfolk St, New York, NY 10002",,"New York","New York","10002","140 Norfolk St, New York, NY 10002",,"New York","New York","10002",,,,
219,"MK9667881669","2024-08-09T16:13:36.000Z","2024-08-09T16:13:36.000Z","110 Broome St, New York, NY 10002",,"New York","New York","10002","110 Broome St, New York, NY 10002",,"New York","New York","10002",,,,
220,"MK7593448559","2024-08-09T16:13:36.000Z","2024-08-09T16:13:36.000Z","95 E 1st St, New York, NY 10002",,"New York","New York","10002","95 E 1st St, New York, NY 10002",,"New York","New York","10002",,,,
221,"MK907069603","2024-08-09T16:13:36.000Z","2024-08-09T16:13:36.000Z","160 E 2nd St, New York, NY 10002",,"New York","New York","10002","160 E 2nd St, New York, NY 10002",,"New York","New York","10002",,,,
222,"MK6113937244","2024-08-09T16:13:36.000Z","2024-08-09T16:13:36.000Z","70 Chrystie St, New York, NY 10002",,"New York","New York","10002","70 Chrystie St, New York, NY 10002",,"New York","New York","10002",,,,
223,"MK7175526898","2024-08-09T16:13:36.000Z","2024-08-09T16:13:36.000Z","80 Forsyth St, New York, NY 10002",,"New York","New York","10002","80 Forsyth St, New York, NY 10002",,"New York","New York","10002",,,,
224,"MK3402364832","2024-08-09T16:13:36.000Z","2024-08-09T16:13:36.000Z","90 Allen St, New York, NY 10002",,"New York","New York","10002","90 Allen St, New York, NY 10002",,"New York","New York","10002",,,,
225,"MK82281691","2024-08-09T16:13:36.000Z","2024-08-09T16:13:36.000Z","125 Attorney St, New York, NY 10002",,"New York","New York","10002","125 Attorney St, New York, NY 10002",,"New York","New York","10002",,,,
226,"MK6039843333","2024-08-09T16:13:36.000Z","2024-08-09T16:13:36.000Z","110 Clinton St, New York, NY 10002",,"New York","New York","10002","110 Clinton St, New York, NY 10002",,"New York","New York","10002",,,,
227,"MK6826015963","2024-08-09T16:13:36.000Z","2024-08-09T16:13:36.000Z","75 Grand St, New York, NY 10002",,"New York","New York","10002","75 Grand St, New York, NY 10002",,"New York","New York","10002",,,,
228,"MK3402992949","2024-08-09T16:13:36.000Z","2024-08-09T16:13:36.000Z","95 E Houston St, New York, NY 10002",,"New York","New York","10002","95 E Houston St, New York, NY 10002",,"New York","New York","10002",,,,
229,"MK04280776","2024-08-09T16:13:36.000Z","2024-08-09T16:13:36.000Z","85 Avenue D, New York, NY 10002",,"New York","New York","10002","85 Avenue D, New York, NY 10002",,"New York","New York","10002",,,,
230,"MK1426017822","2024-08-09T16:13:36.000Z","2024-08-09T16:13:36.000Z","55 Delancey St, New York, NY 10002",,"New York","New York","10002","55 Delancey St, New York, NY 10002",,"New York","New York","10002",,,,
231,"MK8364882407","2024-08-09T16:13:36.000Z","2024-08-09T16:13:36.000Z","135 Rivington St, New York, NY 10002",,"New York","New York","10002","135 Rivington St, New York, NY 10002",,"New York","New York","10002",,,,
232,"MK4257896689","2024-08-09T16:13:36.000Z","2024-08-09T16:13:36.000Z","105 Suffolk St, New York, NY 10002",,"New York","New York","10002","105 Suffolk St, New York, NY 10002",,"New York","New York","10002",,,,
233,"MK3291650933","2024-08-09T16:13:36.000Z","2024-08-09T16:13:36.000Z","145 Essex St, New York, NY 10002",,"New York","New York","10002","145 Essex St, New York, NY 10002",,"New York","New York","10002",,,,
234,"MK7373452808","2024-08-09T16:13:36.000Z","2024-08-09T16:13:36.000Z","65 Stanton St, New York, NY 10002",,"New York","New York","10002","65 Stanton St, New York, NY 10002",,"New York","New York","10002",,,,
235,"MK9848089314","2024-08-09T16:13:36.000Z","2024-08-09T16:13:36.000Z","85 Orchard St, New York, NY 10002",,"New York","New York","10002","85 Orchard St, New York, NY 10002",,"New York","New York","10002",,,,
236,"MK3340033392","2024-08-09T16:13:36.000Z","2024-08-09T16:13:36.000Z","70 Ludlow St, New York, NY 10002",,"New York","New York","10002","70 Ludlow St, New York, NY 10002",,"New York","New York","10002",,,,
237,"MK8118596553","2024-08-09T16:13:36.000Z","2024-08-09T16:13:36.000Z","95 Pitt St, New York, NY 10002",,"New York","New York","10002","95 Pitt St, New York, NY 10002",,"New York","New York","10002",,,,
238,"MK5139513135","2024-08-09T16:13:36.000Z","2024-08-09T16:13:36.000Z","115 Norfolk St, New York, NY 10002",,"New York","New York","10002","115 Norfolk St, New York, NY 10002",,"New York","New York","10002",,,,
239,"MK3979674771","2024-08-09T16:13:36.000Z","2024-08-09T16:13:36.000Z","80 Broome St, New York, NY 10002",,"New York","New York","10002","80 Broome St, New York, NY 10002",,"New York","New York","10002",,,,
240,"MK8316726920","2024-08-09T16:13:36.000Z","2024-08-09T16:13:36.000Z","125 E 1st St, New York, NY 10002",,"New York","New York","10002","125 E 1st St, New York, NY 10002",,"New York","New York","10002",,,,
241,"MK7777981115","2024-08-09T16:13:36.000Z","2024-08-09T16:13:36.000Z","105 E 2nd St, New York, NY 10002",,"New York","New York","10002","105 E 2nd St, New York, NY 10002",,"New York","New York","10002",,,,
242,"MK2058655206","2024-08-09T16:13:36.000Z","2024-08-09T16:13:36.000Z","140 Chrystie St, New York, NY 10002",,"New York","New York","10002","140 Chrystie St, New York, NY 10002",,"New York","New York","10002",,,,
243,"MK2960577869","2024-08-09T16:13:36.000Z","2024-08-09T16:13:36.000Z","75 Forsyth St, New York, NY 10002",,"New York","New York","10002","75 Forsyth St, New York, NY 10002",,"New York","New York","10002",,,,
244,"MK6628722952","2024-08-09T16:13:36.000Z","2024-08-09T16:13:36.000Z","115 Allen St, New York, NY 10002",,"New York","New York","10002","115 Allen St, New York, NY 10002",,"New York","New York","10002",,,,
245,"MK2437218260","2024-08-09T16:13:36.000Z","2024-08-09T16:13:36.000Z","145 Attorney St, New York, NY 10002",,"New York","New York","10002","145 Attorney St, New York, NY 10002",,"New York","New York","10002",,,,
246,"MK271347244","2024-08-09T16:13:36.000Z","2024-08-09T16:13:36.000Z","50 Clinton St, New York, NY 10002",,"New York","New York","10002","50 Clinton St, New York, NY 10002",,"New York","New York","10002",,,,
247,"MK7762093535","2024-08-09T16:13:36.000Z","2024-08-09T16:13:36.000Z","156-164 Delancey St, New York, NY 10002",,"New York","New York","10002","156-164 Delancey St, New York, NY 10002",,"New York","New York","10002",,,,
248,"MK6667634746","2024-08-09T16:13:36.000Z","2024-08-09T16:13:36.000Z","105 E Houston St, New York, NY 10002",,"New York","New York","10002","105 E Houston St, New York, NY 10002",,"New York","New York","10002",,,,
249,"MK4474640034","2024-08-09T16:13:36.000Z","2024-08-09T16:13:36.000Z","75 Avenue D, New York, NY 10002",,"New York","New York","10002","75 Avenue D, New York, NY 10002",,"New York","New York","10002",,,,
250,"MK4431180550","2024-08-09T16:13:36.000Z","2024-08-09T16:13:36.000Z","85 Delancey St, New York, NY 10002",,"New York","New York","10002","85 Delancey St, New York, NY 10002",,"New York","New York","10002",,,,
251,"MK3525101364","2024-08-09T16:13:36.000Z","2024-08-09T16:13:36.000Z","41 Rivington St, New York, NY 10002",,"New York","New York","10002","41 Rivington St, New York, NY 10002",,"New York","New York","10002",,,,
252,"MK4805337564","2024-08-09T16:13:36.000Z","2024-08-09T16:13:36.000Z","95 Suffolk St, New York, NY 10002",,"New York","New York","10002","95 Suffolk St, New York, NY 10002",,"New York","New York","10002",,,,
253,"MK2299796472","2024-08-09T16:13:36.000Z","2024-08-09T16:13:36.000Z","130 Essex St, New York, NY 10002",,"New York","New York","10002","130 Essex St, New York, NY 10002",,"New York","New York","10002",,,,
254,"MK9655367987","2024-08-09T16:13:36.000Z","2024-08-09T16:13:36.000Z","60 Stanton St, New York, NY 10002",,"New York","New York","10002","60 Stanton St, New York, NY 10002",,"New York","New York","10002",,,,
255,"MK7241128034","2024-08-09T16:13:36.000Z","2024-08-09T16:13:36.000Z","75 Orchard St, New York, NY 10002",,"New York","New York","10002","75 Orchard St, New York, NY 10002",,"New York","New York","10002",,,,
256,"MK66796912","2024-08-09T16:13:36.000Z","2024-08-09T16:13:36.000Z","120 Ludlow St, New York, NY 10002",,"New York","New York","10002","120 Ludlow St, New York, NY 10002",,"New York","New York","10002",,,,
257,"MK3309919742","2024-08-09T16:13:36.000Z","2024-08-09T16:13:36.000Z","85 Pitt St, New York, NY 10002",,"New York","New York","10002","85 Pitt St, New York, NY 10002",,"New York","New York","10002",,,,
258,"MK7864981425","2024-08-09T16:13:36.000Z","2024-08-09T16:13:36.000Z","140 Norfolk St, New York, NY 10002",,"New York","New York","10002","140 Norfolk St, New York, NY 10002",,"New York","New York","10002",,,,
259,"MK5409941783","2024-08-09T16:13:36.000Z","2024-08-09T16:13:36.000Z","95 Broome St, New York, NY 10002",,"New York","New York","10002","95 Broome St, New York, NY 10002",,"New York","New York","10002",,,,
260,"MK8428009249","2024-08-09T16:13:36.000Z","2024-08-09T16:13:36.000Z","110 E 1st St, New York, NY 10002",,"New York","New York","10002","110 E 1st St, New York, NY 10002",,"New York","New York","10002",,,,
261,"MK1866412695","2024-08-09T16:13:36.000Z","2024-08-09T16:13:36.000Z","60 E 2nd St, New York, NY 10002",,"New York","New York","10002","60 E 2nd St, New York, NY 10002",,"New York","New York","10002",,,,
262,"MK4298368199","2024-08-09T16:13:36.000Z","2024-08-09T16:13:36.000Z","75 Chrystie St, New York, NY 10002",,"New York","New York","10002","75 Chrystie St, New York, NY 10002",,"New York","New York","10002",,,,
263,"MK1931366253","2024-08-09T16:13:36.000Z","2024-08-09T16:13:36.000Z","145 Forsyth St, New York, NY 10002",,"New York","New York","10002","145 Forsyth St, New York, NY 10002",,"New York","New York","10002",,,,
264,"MK2425654387","2024-08-09T16:13:36.000Z","2024-08-09T16:13:36.000Z","50 Allen St, New York, NY 10002",,"New York","New York","10002","50 Allen St, New York, NY 10002",,"New York","New York","10002",,,,
265,"MK1530785748","2024-08-09T16:13:36.000Z","2024-08-09T16:13:36.000Z","70 Attorney St, New York, NY 10002",,"New York","New York","10002","70 Attorney St, New York, NY 10002",,"New York","New York","10002",,,,
266,"MK8506765071","2024-08-09T16:13:36.000Z","2024-08-09T16:13:36.000Z","80 Clinton St, New York, NY 10002",,"New York","New York","10002","80 Clinton St, New York, NY 10002",,"New York","New York","10002",,,,
267,"MK8268184873","2024-08-09T16:13:36.000Z","2024-08-09T16:13:36.000Z","550 Grand St, New York, NY 10002",,"New York","New York","10002","550 Grand St, New York, NY 10002",,"New York","New York","10002",,,,
268,"MK8051323613","2024-08-09T16:13:36.000Z","2024-08-09T16:13:36.000Z","100 E Houston St, New York, NY 10002",,"New York","New York","10002","100 E Houston St, New York, NY 10002",,"New York","New York","10002",,,,
269,"MK4874281145","2024-08-09T16:13:36.000Z","2024-08-09T16:13:36.000Z","130 Avenue D, New York, NY 10002",,"New York","New York","10002","130 Avenue D, New York, NY 10002",,"New York","New York","10002",,,,
270,"MK8861669274","2024-08-09T16:13:36.000Z","2024-08-09T16:13:36.000Z","55 Delancey St, New York, NY 10002",,"New York","New York","10002","55 Delancey St, New York, NY 10002",,"New York","New York","10002",,,,
271,"MK9634484862","2024-08-09T16:13:36.000Z","2024-08-09T16:13:36.000Z","110 Rivington St, New York, NY 10002",,"New York","New York","10002","110 Rivington St, New York, NY 10002",,"New York","New York","10002",,,,
272,"MK290505974","2024-08-09T16:13:36.000Z","2024-08-09T16:13:36.000Z","70 Suffolk St, New York, NY 10002",,"New York","New York","10002","70 Suffolk St, New York, NY 10002",,"New York","New York","10002",,,,
273,"MK7360071305","2024-08-09T16:13:36.000Z","2024-08-09T16:13:36.000Z","125 Essex St, New York, NY 10002",,"New York","New York","10002","125 Essex St, New York, NY 10002",,"New York","New York","10002",,,,
274,"MK5234906957","2024-08-09T16:13:36.000Z","2024-08-09T16:13:36.000Z","60 Stanton St, New York, NY 10002",,"New York","New York","10002","60 Stanton St, New York, NY 10002",,"New York","New York","10002",,,,
275,"MK6901790549","2024-08-09T16:13:36.000Z","2024-08-09T16:13:36.000Z","145 Orchard St, New York, NY 10002",,"New York","New York","10002","145 Orchard St, New York, NY 10002",,"New York","New York","10002",,,,
276,"MK4472854454","2024-08-09T16:13:36.000Z","2024-08-09T16:13:36.000Z","85 Ludlow St, New York, NY 10002",,"New York","New York","10002","85 Ludlow St, New York, NY 10002",,"New York","New York","10002",,,,
277,"MK7292794550","2024-08-09T16:13:36.000Z","2024-08-09T16:13:36.000Z","95 Pitt St, New York, NY 10002",,"New York","New York","10002","95 Pitt St, New York, NY 10002",,"New York","New York","10002",,,,
278,"MK7146795386","2024-08-09T16:13:36.000Z","2024-08-09T16:13:36.000Z","105 Norfolk St, New York, NY 10002",,"New York","New York","10002","105 Norfolk St, New York, NY 10002",,"New York","New York","10002",,,,
279,"MK9803158001","2024-08-09T16:13:36.000Z","2024-08-09T16:13:36.000Z","50 Broome St, New York, NY 10002",,"New York","New York","10002","50 Broome St, New York, NY 10002",,"New York","New York","10002",,,,
280,"MK1855431066","2024-08-09T16:13:36.000Z","2024-08-09T16:13:36.000Z","115 E 1st St, New York, NY 10002",,"New York","New York","10002","115 E 1st St, New York, NY 10002",,"New York","New York","10002",,,,
281,"MK5214689154","2024-08-09T16:13:36.000Z","2024-08-09T16:13:36.000Z","125 E 2nd St, New York, NY 10002",,"New York","New York","10002","125 E 2nd St, New York, NY 10002",,"New York","New York","10002",,,,
282,"MK2922160480","2024-08-09T16:13:36.000Z","2024-08-09T16:13:36.000Z","60 Chrystie St, New York, NY 10002",,"New York","New York","10002","60 Chrystie St, New York, NY 10002",,"New York","New York","10002",,,,
283,"MK6115781455","2024-08-09T16:13:36.000Z","2024-08-09T16:13:36.000Z","135 Forsyth St, New York, NY 10002",,"New York","New York","10002","135 Forsyth St, New York, NY 10002",,"New York","New York","10002",,,,
284,"MK4817107529","2024-08-09T16:13:36.000Z","2024-08-09T16:13:36.000Z","145 Allen St, New York, NY 10002",,"New York","New York","10002","145 Allen St, New York, NY 10002",,"New York","New York","10002",,,,
285,"MK4131210511","2024-08-09T16:13:36.000Z","2024-08-09T16:13:36.000Z","70 Attorney St, New York, NY 10002",,"New York","New York","10002","70 Attorney St, New York, NY 10002",,"New York","New York","10002",,,,
286,"MK8879749708","2024-08-09T16:13:36.000Z","2024-08-09T16:13:36.000Z","90 Clinton St, New York, NY 10002",,"New York","New York","10002","90 Clinton St, New York, NY 10002",,"New York","New York","10002",,,,
287,"MK4083286384","2024-08-09T16:13:36.000Z","2024-08-09T16:13:36.000Z","105 Grand St, New York, NY 10002",,"New York","New York","10002","105 Grand St, New York, NY 10002",,"New York","New York","10002",,,,
288,"MK6942298684","2024-08-09T16:13:36.000Z","2024-08-09T16:13:36.000Z","135 E Houston St, New York, NY 10002",,"New York","New York","10002","135 E Houston St, New York, NY 10002",,"New York","New York","10002",,,,
289,"MK9273867850","2024-08-09T16:13:36.000Z","2024-08-09T16:13:36.000Z","60 Avenue D, New York, NY 10002",,"New York","New York","10002","60 Avenue D, New York, NY 10002",,"New York","New York","10002",,,,
290,"MK4905536329","2024-08-09T16:13:36.000Z","2024-08-09T16:13:36.000Z","80 Delancey St, New York, NY 10002",,"New York","New York","10002","80 Delancey St, New York, NY 10002",,"New York","New York","10002",,,,
291,"MK7023356124","2024-08-09T16:13:36.000Z","2024-08-09T16:13:36.000Z","110 Rivington St, New York, NY 10002",,"New York","New York","10002","110 Rivington St, New York, NY 10002",,"New York","New York","10002",,,,
292,"MK5310769424","2024-08-09T16:13:36.000Z","2024-08-09T16:13:36.000Z","125 Suffolk St, New York, NY 10002",,"New York","New York","10002","125 Suffolk St, New York, NY 10002",,"New York","New York","10002",,,,
293,"MK766014045","2024-08-09T16:13:36.000Z","2024-08-09T16:13:36.000Z","75 Essex St, New York, NY 10002",,"New York","New York","10002","75 Essex St, New York, NY 10002",,"New York","New York","10002",,,,
294,"MK5478065127","2024-08-09T16:13:36.000Z","2024-08-09T16:13:36.000Z","135 Stanton St, New York, NY 10002",,"New York","New York","10002","135 Stanton St, New York, NY 10002",,"New York","New York","10002",,,,
295,"MK1741828560","2024-08-09T16:13:36.000Z","2024-08-09T16:13:36.000Z","95 Orchard St, New York, NY 10002",,"New York","New York","10002","95 Orchard St, New York, NY 10002",,"New York","New York","10002",,,,
296,"MK8273709357","2024-08-09T16:13:36.000Z","2024-08-09T16:13:36.000Z","50 Ludlow St, New York, NY 10002",,"New York","New York","10002","50 Ludlow St, New York, NY 10002",,"New York","New York","10002",,,,
297,"MK1596935799","2024-08-09T16:13:36.000Z","2024-08-09T16:13:36.000Z","115 Pitt St, New York, NY 10002",,"New York","New York","10002","115 Pitt St, New York, NY 10002",,"New York","New York","10002",,,,
298,"MK8877111787","2024-08-09T16:13:36.000Z","2024-08-09T16:13:36.000Z","80 Norfolk St, New York, NY 10002",,"New York","New York","10002","80 Norfolk St, New York, NY 10002",,"New York","New York","10002",,,,
299,"MK980306652","2024-08-09T16:13:36.000Z","2024-08-09T16:13:36.000Z","90 Broome St, New York, NY 10002",,"New York","New York","10002","90 Broome St, New York, NY 10002",,"New York","New York","10002",,,,
300,"MK2749560755","2024-08-09T16:13:36.000Z","2024-08-09T16:13:36.000Z","105 E 1st St, New York, NY 10002",,"New York","New York","10002","105 E 1st St, New York, NY 10002",,"New York","New York","10002",,,,
301,"MK6068725307","2024-08-09T16:13:36.000Z","2024-08-09T16:13:36.000Z","65 E 2nd St, New York, NY 10002",,"New York","New York","10002","65 E 2nd St, New York, NY 10002",,"New York","New York","10002",,,,
302,"MK7614268212","2024-08-09T16:13:36.000Z","2024-08-09T16:13:36.000Z","145 Chrystie St, New York, NY 10002",,"New York","New York","10002","145 Chrystie St, New York, NY 10002",,"New York","New York","10002",,,,
303,"MK7835630854","2024-08-09T16:13:36.000Z","2024-08-09T16:13:36.000Z","50 Forsyth St, New York, NY 10002",,"New York","New York","10002","50 Forsyth St, New York, NY 10002",,"New York","New York","10002",,,,
304,"MK2262140752","2024-08-09T16:13:36.000Z","2024-08-09T16:13:36.000Z","110 Allen St, New York, NY 10002",,"New York","New York","10002","110 Allen St, New York, NY 10002",,"New York","New York","10002",,,,
305,"MK1541539235","2024-08-09T16:13:36.000Z","2024-08-09T16:13:36.000Z","60 Attorney St, New York, NY 10002",,"New York","New York","10002","60 Attorney St, New York, NY 10002",,"New York","New York","10002",,,,
306,"MK9420043154","2024-08-09T16:13:36.000Z","2024-08-09T16:13:36.000Z","11 Hubert St, New York, NY 10013",,"New York","New York","10013","11 Hubert St, New York, NY 10013",,"New York","New York","10013",,,,
307,"MK309461139","2024-08-09T16:13:36.000Z","2024-08-09T16:13:36.000Z","19 Vestry St, New York, NY 10013",,"New York","New York","10013","19 Vestry St, New York, NY 10013",,"New York","New York","10013",,,,
308,"MK8766822920","2024-08-09T16:13:36.000Z","2024-08-09T16:13:36.000Z","60 Beach St, New York, NY 10013",,"New York","New York","10013","60 Beach St, New York, NY 10013",,"New York","New York","10013",,,,
309,"MK7548524321","2024-08-09T16:13:36.000Z","2024-08-09T16:13:36.000Z","70 Franklin St, New York, NY 10013",,"New York","New York","10013","70 Franklin St, New York, NY 10013",,"New York","New York","10013",,,,
310,"MK9554190439","2024-08-09T16:13:36.000Z","2024-08-09T16:13:36.000Z","80 Leonard St, New York, NY 10013",,"New York","New York","10013","80 Leonard St, New York, NY 10013",,"New York","New York","10013",,,,
311,"MK5114349980","2024-08-09T16:13:36.000Z","2024-08-09T16:13:36.000Z","110 Duane St, New York, NY 10013",,"New York","New York","10013","110 Duane St, New York, NY 10013",,"New York","New York","10013",,,,
312,"MK4482495806","2024-08-09T16:13:36.000Z","2024-08-09T16:13:36.000Z","161 Hudson St, New York, NY 10013",,"New York","New York","10013","161 Hudson St, New York, NY 10013",,"New York","New York","10013",,,,
313,"MK8828034483","2024-08-09T16:13:36.000Z","2024-08-09T16:13:36.000Z","366 Broadway, New York, NY 10013",,"New York","New York","10013","366 Broadway, New York, NY 10013",,"New York","New York","10013",,,,
314,"MK2205190264","2024-08-09T16:13:36.000Z","2024-08-09T16:13:36.000Z","101 Sixth Ave, New York, NY 10013",,"New York","New York","10013","101 Sixth Ave, New York, NY 10013",,"New York","New York","10013",,,,
315,"MK5708656663","2024-08-09T16:13:36.000Z","2024-08-09T16:13:36.000Z","143 Reade St, New York, NY 10013",,"New York","New York","10013","143 Reade St, New York, NY 10013",,"New York","New York","10013",,,,
316,"MK9188781089","2024-08-09T16:13:36.000Z","2024-08-09T16:13:36.000Z","166 Franklin St, New York, NY 10013",,"New York","New York","10013","166 Franklin St, New York, NY 10013",,"New York","New York","10013",,,,
317,"MK194811215","2024-08-09T16:13:36.000Z","2024-08-09T16:13:36.000Z","83 Walker St, New York, NY 10013",,"New York","New York","10013","83 Walker St, New York, NY 10013",,"New York","New York","10013",,,,
318,"MK2168937736","2024-08-09T16:13:36.000Z","2024-08-09T16:13:36.000Z","11 Harrison St, New York, NY 10013",,"New York","New York","10013","11 Harrison St, New York, NY 10013",,"New York","New York","10013",,,,
319,"MK5875559621","2024-08-09T16:13:36.000Z","2024-08-09T16:13:36.000Z","15 Hubert St, New York, NY 10013",,"New York","New York","10013","15 Hubert St, New York, NY 10013",,"New York","New York","10013",,,,
320,"MK2891764547","2024-08-09T16:13:36.000Z","2024-08-09T16:13:36.000Z","195 Hudson St, New York, NY 10013",,"New York","New York","10013","195 Hudson St, New York, NY 10013",,"New York","New York","10013",,,,
321,"MK8914337420","2024-08-09T16:13:36.000Z","2024-08-09T16:13:36.000Z","235 West Broadway, New York, NY 10013",,"New York","New York","10013","235 West Broadway, New York, NY 10013",,"New York","New York","10013",,,,
322,"MK6178859696","2024-08-09T16:13:36.000Z","2024-08-09T16:13:36.000Z","360 Greenwich St, New York, NY 10013",,"New York","New York","10013","360 Greenwich St, New York, NY 10013",,"New York","New York","10013",,,,
323,"MK9746534245","2024-08-09T16:13:36.000Z","2024-08-09T16:13:36.000Z","55 Lispenard St, New York, NY 10013",,"New York","New York","10013","55 Lispenard St, New York, NY 10013",,"New York","New York","10013",,,,
324,"MK6295256347","2024-08-09T16:13:36.000Z","2024-08-09T16:13:36.000Z","56 Walker St, New York, NY 10013",,"New York","New York","10013","56 Walker St, New York, NY 10013",,"New York","New York","10013",,,,
325,"MK1861676531","2024-08-09T16:13:36.000Z","2024-08-09T16:13:36.000Z","60 Lispenard St, New York, NY 10013",,"New York","New York","10013","60 Lispenard St, New York, NY 10013",,"New York","New York","10013",,,,
326,"MK8854688909","2024-08-09T16:13:36.000Z","2024-08-09T16:13:36.000Z","62 White St, New York, NY 10013",,"New York","New York","10013","62 White St, New York, NY 10013",,"New York","New York","10013",,,,
327,"MK1293927338","2024-08-09T16:13:36.000Z","2024-08-09T16:13:36.000Z","77 Hudson St, New York, NY 10013",,"New York","New York","10013","77 Hudson St, New York, NY 10013",,"New York","New York","10013",,,,
328,"MK4709783471","2024-08-09T16:13:36.000Z","2024-08-09T16:13:36.000Z","79 Worth St, New York, NY 10013",,"New York","New York","10013","79 Worth St, New York, NY 10013",,"New York","New York","10013",,,,
329,"MK3526949900","2024-08-09T16:13:36.000Z","2024-08-09T16:13:36.000Z","80 North Moore St, New York, NY 10013",,"New York","New York","10013","80 North Moore St, New York, NY 10013",,"New York","New York","10013",,,,
330,"MK1464961801","2024-08-09T16:13:36.000Z","2024-08-09T16:13:36.000Z","83 Leonard St, New York, NY 10013",,"New York","New York","10013","83 Leonard St, New York, NY 10013",,"New York","New York","10013",,,,
331,"MK4375568701","2024-08-09T16:13:36.000Z","2024-08-09T16:13:36.000Z","90 Franklin St, New York, NY 10013",,"New York","New York","10013","90 Franklin St, New York, NY 10013",,"New York","New York","10013",,,,
332,"MK9863824439","2024-08-09T16:13:36.000Z","2024-08-09T16:13:36.000Z","105 Chambers St, New York, NY 10013",,"New York","New York","10013","105 Chambers St, New York, NY 10013",,"New York","New York","10013",,,,
333,"MK5144069265","2024-08-09T16:13:36.000Z","2024-08-09T16:13:36.000Z","108 Leonard St, New York, NY 10013",,"New York","New York","10013","108 Leonard St, New York, NY 10013",,"New York","New York","10013",,,,
334,"MK4619191012","2024-08-09T16:13:36.000Z","2024-08-09T16:13:36.000Z","114 Franklin St, New York, NY 10013",,"New York","New York","10013","114 Franklin St, New York, NY 10013",,"New York","New York","10013",,,,
335,"MK3808486341","2024-08-09T16:13:36.000Z","2024-08-09T16:13:36.000Z","115 Franklin St, New York, NY 10013",,"New York","New York","10013","115 Franklin St, New York, NY 10013",,"New York","New York","10013",,,,
336,"MK9125870459","2024-08-09T16:13:36.000Z","2024-08-09T16:13:36.000Z","121 Chambers St, New York, NY 10013",,"New York","New York","10013","121 Chambers St, New York, NY 10013",,"New York","New York","10013",,,,
337,"MK7577116829","2024-08-09T16:13:36.000Z","2024-08-09T16:13:36.000Z","124 Hudson St, New York, NY 10013",,"New York","New York","10013","124 Hudson St, New York, NY 10013",,"New York","New York","10013",,,,
338,"MK7440407975","2024-08-09T16:13:36.000Z","2024-08-09T16:13:36.000Z","142 Watts St, New York, NY 10013",,"New York","New York","10013","142 Watts St, New York, NY 10013",,"New York","New York","10013",,,,
339,"MK3814007184","2024-08-09T16:13:36.000Z","2024-08-09T16:13:36.000Z","145 Hudson St, New York, NY 10013",,"New York","New York","10013","145 Hudson St, New York, NY 10013",,"New York","New York","10013",,,,
340,"MK7360102402","2024-08-09T16:13:36.000Z","2024-08-09T16:13:36.000Z","147 Franklin St, New York, NY 10013",,"New York","New York","10013","147 Franklin St, New York, NY 10013",,"New York","New York","10013",,,,
341,"MK2903371563","2024-08-09T16:13:36.000Z","2024-08-09T16:13:36.000Z","157 Hudson St, New York, NY 10013",,"New York","New York","10013","157 Hudson St, New York, NY 10013",,"New York","New York","10013",,,,
342,"MK3617275555","2024-08-09T16:13:36.000Z","2024-08-09T16:13:36.000Z","175 Franklin St, New York, NY 10013",,"New York","New York","10013","175 Franklin St, New York, NY 10013",,"New York","New York","10013",,,,
343,"MK1301638146","2024-08-09T16:13:36.000Z","2024-08-09T16:13:36.000Z","200 Chambers St, New York, NY 10013",,"New York","New York","10013","200 Chambers St, New York, NY 10013",,"New York","New York","10013",,,,
344,"MK6009894479","2024-08-09T16:13:36.000Z","2024-08-09T16:13:36.000Z","205 Hudson St, New York, NY 10013",,"New York","New York","10013","205 Hudson St, New York, NY 10013",,"New York","New York","10013",,,,
345,"MK3210595747","2024-08-09T16:13:36.000Z","2024-08-09T16:13:36.000Z","210 Lafayette St, New York, NY 10013",,"New York","New York","10013","210 Lafayette St, New York, NY 10013",,"New York","New York","10013",,,,
346,"MK9799076547","2024-08-09T16:13:36.000Z","2024-08-09T16:13:36.000Z","212 West Broadway, New York, NY 10013",,"New York","New York","10013","212 West Broadway, New York, NY 10013",,"New York","New York","10013",,,,
347,"MK7294298495","2024-08-09T16:13:36.000Z","2024-08-09T16:13:36.000Z","311 Greenwich St, New York, NY 10013",,"New York","New York","10013","311 Greenwich St, New York, NY 10013",,"New York","New York","10013",,,,
348,"MK9358206614","2024-08-09T16:13:36.000Z","2024-08-09T16:13:36.000Z","345 Hudson St, New York, NY 10013",,"New York","New York","10013","345 Hudson St, New York, NY 10013",,"New York","New York","10013",,,,
349,"MK4466940348","2024-08-09T16:13:36.000Z","2024-08-09T16:13:36.000Z","349 Broadway, New York, NY 10013",,"New York","New York","10013","349 Broadway, New York, NY 10013",,"New York","New York","10013",,,,
350,"MK5100500729","2024-08-09T16:13:36.000Z","2024-08-09T16:13:36.000Z","351 Broadway, New York, NY 10013",,"New York","New York","10013","351 Broadway, New York, NY 10013",,"New York","New York","10013",,,,
351,"MK781386963","2024-08-09T16:13:36.000Z","2024-08-09T16:13:36.000Z","353 Broadway, New York, NY 10013",,"New York","New York","10013","353 Broadway, New York, NY 10013",,"New York","New York","10013",,,,
352,"MK9004647061","2024-08-09T16:13:36.000Z","2024-08-09T16:13:36.000Z","355 Broadway, New York, NY 10013",,"New York","New York","10013","355 Broadway, New York, NY 10013",,"New York","New York","10013",,,,
353,"MK8804003092","2024-08-09T16:13:36.000Z","2024-08-09T16:13:36.000Z","357 Broadway, New York, NY 10013",,"New York","New York","10013","357 Broadway, New York, NY 10013",,"New York","New York","10013",,,,
354,"MK5647764911","2024-08-09T16:13:36.000Z","2024-08-09T16:13:36.000Z","359 Broadway, New York, NY 10013",,"New York","New York","10013","359 Broadway, New York, NY 10013",,"New York","New York","10013",,,,
355,"MK2978991557","2024-08-09T16:13:36.000Z","2024-08-09T16:13:36.000Z","361 Broadway, New York, NY 10013",,"New York","New York","10013","361 Broadway, New York, NY 10013",,"New York","New York","10013",,,,
356,"MK8657392270","2024-08-09T16:13:36.000Z","2024-08-09T16:13:36.000Z","1 Astor Place, New York, NY 10003",,"New York","New York","10003","1 Astor Place, New York, NY 10003",,"New York","New York","10003",,,,
357,"MK884003076","2024-08-09T16:13:36.000Z","2024-08-09T16:13:36.000Z","2 Cooper Square, New York, NY 10003",,"New York","New York","10003","2 Cooper Square, New York, NY 10003",,"New York","New York","10003",,,,
358,"MK5365854810","2024-08-09T16:13:36.000Z","2024-08-09T16:13:36.000Z","21 Astor Place, New York, NY 10003",,"New York","New York","10003","21 Astor Place, New York, NY 10003",,"New York","New York","10003",,,,
359,"MK305745118","2024-08-09T16:13:36.000Z","2024-08-09T16:13:36.000Z","25 E 10th St, New York, NY 10003",,"New York","New York","10003","25 E 10th St, New York, NY 10003",,"New York","New York","10003",,,,
360,"MK7120300795","2024-08-09T16:13:36.000Z","2024-08-09T16:13:36.000Z","30 E 14th St, New York, NY 10003",,"New York","New York","10003","30 E 14th St, New York, NY 10003",,"New York","New York","10003",,,,
361,"MK9815801730","2024-08-09T16:13:36.000Z","2024-08-09T16:13:36.000Z","51 Astor Place, New York, NY 10003",,"New York","New York","10003","51 Astor Place, New York, NY 10003",,"New York","New York","10003",,,,
362,"MK4822047010","2024-08-09T16:13:36.000Z","2024-08-09T16:13:36.000Z","60 E 8th St, New York, NY 10003",,"New York","New York","10003","60 E 8th St, New York, NY 10003",,"New York","New York","10003",,,,
363,"MK3612569404","2024-08-09T16:13:36.000Z","2024-08-09T16:13:36.000Z","77 E 12th St, New York, NY 10003",,"New York","New York","10003","77 E 12th St, New York, NY 10003",,"New York","New York","10003",,,,
364,"MK1339082742","2024-08-09T16:13:36.000Z","2024-08-09T16:13:36.000Z","88 3rd Ave, New York, NY 10003",,"New York","New York","10003","88 3rd Ave, New York, NY 10003",,"New York","New York","10003",,,,
365,"MK1922796140","2024-08-09T16:13:36.000Z","2024-08-09T16:13:36.000Z","99 University Pl, New York, NY 10003",,"New York","New York","10003","99 University Pl, New York, NY 10003",,"New York","New York","10003",,,,
366,"MK5305919147","2024-08-09T16:13:36.000Z","2024-08-09T16:13:36.000Z","111 3rd Ave, New York, NY 10003",,"New York","New York","10003","111 3rd Ave, New York, NY 10003",,"New York","New York","10003",,,,
367,"MK1272606358","2024-08-09T16:13:36.000Z","2024-08-09T16:13:36.000Z","123 3rd Ave, New York, NY 10003",,"New York","New York","10003","123 3rd Ave, New York, NY 10003",,"New York","New York","10003",,,,
368,"MK3463269471","2024-08-09T16:13:36.000Z","2024-08-09T16:13:36.000Z","130 E 12th St, New York, NY 10003",,"New York","New York","10003","130 E 12th St, New York, NY 10003",,"New York","New York","10003",,,,
369,"MK6704906018","2024-08-09T16:13:36.000Z","2024-08-09T16:13:36.000Z","143 E 13th St, New York, NY 10003",,"New York","New York","10003","143 E 13th St, New York, NY 10003",,"New York","New York","10003",,,,
370,"MK3462637270","2024-08-09T16:13:36.000Z","2024-08-09T16:13:36.000Z","155 E 13th St, New York, NY 10003",,"New York","New York","10003","155 E 13th St, New York, NY 10003",,"New York","New York","10003",,,,
371,"MK6710863526","2024-08-09T16:13:36.000Z","2024-08-09T16:13:36.000Z","166 2nd Ave, New York, NY 10003",,"New York","New York","10003","166 2nd Ave, New York, NY 10003",,"New York","New York","10003",,,,
372,"MK4377890245","2024-08-09T16:13:36.000Z","2024-08-09T16:13:36.000Z","200 E 10th St, New York, NY 10003",,"New York","New York","10003","200 E 10th St, New York, NY 10003",,"New York","New York","10003",,,,
373,"MK2373385313","2024-08-09T16:13:36.000Z","2024-08-09T16:13:36.000Z","205 E 16th St, New York, NY 10003",,"New York","New York","10003","205 E 16th St, New York, NY 10003",,"New York","New York","10003",,,,
374,"MK9221355471","2024-08-09T16:13:36.000Z","2024-08-09T16:13:36.000Z","215 E 14th St, New York, NY 10003",,"New York","New York","10003","215 E 14th St, New York, NY 10003",,"New York","New York","10003",,,,
375,"MK1068888658","2024-08-09T16:13:36.000Z","2024-08-09T16:13:36.000Z","220 E 12th St, New York, NY 10003",,"New York","New York","10003","220 E 12th St, New York, NY 10003",,"New York","New York","10003",,,,
376,"MK7874589259","2024-08-09T16:13:36.000Z","2024-08-09T16:13:36.000Z","230 E 15th St, New York, NY 10003",,"New York","New York","10003","230 E 15th St, New York, NY 10003",,"New York","New York","10003",,,,
377,"MK5468739686","2024-08-09T16:13:36.000Z","2024-08-09T16:13:36.000Z","240 E 13th St, New York, NY 10003",,"New York","New York","10003","240 E 13th St, New York, NY 10003",,"New York","New York","10003",,,,
378,"MK9452020766","2024-08-09T16:13:36.000Z","2024-08-09T16:13:36.000Z","255 E 7th St, New York, NY 10003",,"New York","New York","10003","255 E 7th St, New York, NY 10003",,"New York","New York","10003",,,,
379,"MK2128129361","2024-08-09T16:13:36.000Z","2024-08-09T16:13:36.000Z","270 E 10th St, New York, NY 10003",,"New York","New York","10003","270 E 10th St, New York, NY 10003",,"New York","New York","10003",,,,
380,"MK3653186084","2024-08-09T16:13:36.000Z","2024-08-09T16:13:36.000Z","282 1st Ave, New York, NY 10003",,"New York","New York","10003","282 1st Ave, New York, NY 10003",,"New York","New York","10003",,,,
381,"MK1526458621","2024-08-09T16:13:36.000Z","2024-08-09T16:13:36.000Z","300 E 17th St, New York, NY 10003",,"New York","New York","10003","300 E 17th St, New York, NY 10003",,"New York","New York","10003",,,,
382,"MK8002881660","2024-08-09T16:13:36.000Z","2024-08-09T16:13:36.000Z","315 E 10th St, New York, NY 10003",,"New York","New York","10003","315 E 10th St, New York, NY 10003",,"New York","New York","10003",,,,
383,"MK6752837035","2024-08-09T16:13:36.000Z","2024-08-09T16:13:36.000Z","330 E 11th St, New York, NY 10003",,"New York","New York","10003","330 E 11th St, New York, NY 10003",,"New York","New York","10003",,,,
384,"MK3946120762","2024-08-09T16:13:36.000Z","2024-08-09T16:13:36.000Z","343 E 18th St, New York, NY 10003",,"New York","New York","10003","343 E 18th St, New York, NY 10003",,"New York","New York","10003",,,,
385,"MK5578916403","2024-08-09T16:13:36.000Z","2024-08-09T16:13:36.000Z","355 E 14th St, New York, NY 10003",,"New York","New York","10003","355 E 14th St, New York, NY 10003",,"New York","New York","10003",,,,
386,"MK6342610463","2024-08-09T16:13:36.000Z","2024-08-09T16:13:36.000Z","370 E 15th St, New York, NY 10003",,"New York","New York","10003","370 E 15th St, New York, NY 10003",,"New York","New York","10003",,,,
387,"MK1802080882","2024-08-09T16:13:36.000Z","2024-08-09T16:13:36.000Z","385 E 13th St, New York, NY 10003",,"New York","New York","10003","385 E 13th St, New York, NY 10003",,"New York","New York","10003",,,,
388,"MK6038882838","2024-08-09T16:13:36.000Z","2024-08-09T16:13:36.000Z","401 E 8th St, New York, NY 10003",,"New York","New York","10003","401 E 8th St, New York, NY 10003",,"New York","New York","10003",,,,
389,"MK2785102072","2024-08-09T16:13:36.000Z","2024-08-09T16:13:36.000Z","420 E 9th St, New York, NY 10003",,"New York","New York","10003","420 E 9th St, New York, NY 10003",,"New York","New York","10003",,,,
390,"MK9997817436","2024-08-09T16:13:36.000Z","2024-08-09T16:13:36.000Z","435 E 10th St, New York, NY 10003",,"New York","New York","10003","435 E 10th St, New York, NY 10003",,"New York","New York","10003",,,,
391,"MK3105508048","2024-08-09T16:13:36.000Z","2024-08-09T16:13:36.000Z","450 E 11th St, New York, NY 10003",,"New York","New York","10003","450 E 11th St, New York, NY 10003",,"New York","New York","10003",,,,
392,"MK8832490828","2024-08-09T16:13:36.000Z","2024-08-09T16:13:36.000Z","470 E 13th St, New York, NY 10003",,"New York","New York","10003","470 E 13th St, New York, NY 10003",,"New York","New York","10003",,,,
393,"MK6918581856","2024-08-09T16:13:36.000Z","2024-08-09T16:13:36.000Z","490 E 17th St, New York, NY 10003",,"New York","New York","10003","490 E 17th St, New York, NY 10003",,"New York","New York","10003",,,,
394,"MK3480905341","2024-08-09T16:13:36.000Z","2024-08-09T16:13:36.000Z","500 E 5th St, New York, NY 10003",,"New York","New York","10003","500 E 5th St, New York, NY 10003",,"New York","New York","10003",,,,
395,"MK6972706739","2024-08-09T16:13:36.000Z","2024-08-09T16:13:36.000Z","520 E 14th St, New York, NY 10003",,"New York","New York","10003","520 E 14th St, New York, NY 10003",,"New York","New York","10003",,,,
396,"MK6348853451","2024-08-09T16:13:36.000Z","2024-08-09T16:13:36.000Z","540 E 12th St, New York, NY 10003",,"New York","New York","10003","540 E 12th St, New York, NY 10003",,"New York","New York","10003",,,,
397,"MK7284466822","2024-08-09T16:13:36.000Z","2024-08-09T16:13:36.000Z","560 E 13th St, New York, NY 10003",,"New York","New York","10003","560 E 13th St, New York, NY 10003",,"New York","New York","10003",,,,
398,"MK9547403358","2024-08-09T16:13:36.000Z","2024-08-09T16:13:36.000Z","580 E 9th St, New York, NY 10003",,"New York","New York","10003","580 E 9th St, New York, NY 10003",,"New York","New York","10003",,,,
399,"MK706030454","2024-08-09T16:13:36.000Z","2024-08-09T16:13:36.000Z","600 E 11th St, New York, NY 10003",,"New York","New York","10003","600 E 11th St, New York, NY 10003",,"New York","New York","10003",,,,
400,"MK1771720401","2024-08-09T16:13:36.000Z","2024-08-09T16:13:36.000Z","620 E 5th St, New York, NY 10003",,"New York","New York","10003","620 E 5th St, New York, NY 10003",,"New York","New York","10003",,,,
401,"MK3738298867","2024-08-09T16:13:36.000Z","2024-08-09T16:13:36.000Z","640 E 13th St, New York, NY 10003",,"New York","New York","10003","640 E 13th St, New York, NY 10003",,"New York","New York","10003",,,,
402,"MK6713568983","2024-08-09T16:13:36.000Z","2024-08-09T16:13:36.000Z","660 E 14th St, New York, NY 10003",,"New York","New York","10003","660 E 14th St, New York, NY 10003",,"New York","New York","10003",,,,
403,"MK9917275950","2024-08-09T16:13:36.000Z","2024-08-09T16:13:36.000Z","680 E 11th St, New York, NY 10003",,"New York","New York","10003","680 E 11th St, New York, NY 10003",,"New York","New York","10003",,,,
404,"MK5816057635","2024-08-09T16:13:36.000Z","2024-08-09T16:13:36.000Z","700 E 12th St, New York, NY 10003",,"New York","New York","10003","700 E 12th St, New York, NY 10003",,"New York","New York","10003",,,,
405,"MK2189430375","2024-08-09T16:13:36.000Z","2024-08-09T16:13:36.000Z","720 E 14th St, New York, NY 10003",,"New York","New York","10003","720 E 14th St, New York, NY 10003",,"New York","New York","10003",,,,
406,"MK6000993499","2024-08-09T16:13:36.000Z","2024-08-09T16:13:36.000Z","740 E 13th St, New York, NY 10003",,"New York","New York","10003","740 E 13th St, New York, NY 10003",,"New York","New York","10003",,,,
407,"MK2289736993","2024-08-09T16:13:36.000Z","2024-08-09T16:13:36.000Z","760 E 12th St, New York, NY 10003",,"New York","New York","10003","760 E 12th St, New York, NY 10003",,"New York","New York","10003",,,,